Sales Person,Country,Product,Date,Amount,Boxes Shipped,Rupees
Ches Bonnell,India,Peanut Butter Cubes,27-Jan-22,"$22,050",208,1914160.5
Van Tuxwell,India,Organic Choco Syrup,16-May-22,"$19,929",174,1730036.49
Rafaelita Blaksland,New Zealand,Eclairs,07-Feb-22,"$19,481",51,1691145.61
Van Tuxwell,Australia,Organic Choco Syrup,10-Aug-22,"$19,453",14,1688714.93
Curtice Advani,India,Smooth Sliky Salty,19-Apr-22,"$19,327",135,1677776.87
Marney O'Breen,UK,Smooth Sliky Salty,13-May-22,"$18,991",88,1648608.71
Kaine Padly,UK,After Nines,21-Jan-22,"$18,697",176,1623086.57
Jan Morforth,New Zealand,Mint Chip Choco,30-Jun-22,"$18,340",285,1592095.4
Brien Boise,India,85% Dark Bars,09-Aug-22,"$18,032",205,1565357.92
Jan Morforth,Australia,Mint Chip Choco,22-Feb-22,"$17,626",103,1530113.06
Dennison Crosswaite,USA,Baker's Choco Chips,11-Aug-22,"$17,465",271,1516136.65
Kelci Walkden,USA,Manuka Honey Choco,16-Feb-22,"$17,318",87,1503375.58
Dotty Strutley,USA,Caramel Stuffed Bars,15-Apr-22,"$16,982",76,1474207.42
Brien Boise,Canada,99% Dark & Pure,18-May-22,"$16,793",416,1457800.33
Kelci Walkden,Canada,After Nines,13-Jan-22,"$16,702",198,1449900.62
Ches Bonnell,India,Organic Choco Syrup,08-Mar-22,"$16,569",99,1438354.89
Camilla Castle,USA,Manuka Honey Choco,21-Mar-22,"$16,401",179,1423770.81
Oby Sorrel,India,Drinking Coco,21-Jul-22,"$16,380",130,1421947.8
Brien Boise,USA,Organic Choco Syrup,25-May-22,"$16,233",138,1409186.73
Dotty Strutley,UK,Almond Choco,28-Jul-22,"$16,114",96,1398856.34
Kelci Walkden,Canada,Milk Bars,07-Jul-22,"$16,016",28,1390348.96
Kelci Walkden,New Zealand,Drinking Coco,10-Mar-22,"$15,855",111,1376372.55
Mallorie Waber,Australia,Choco Coated Almonds,18-Mar-22,"$15,750",92,1367257.5
Karlen McCaffrey,USA,Mint Chip Choco,15-Feb-22,"$15,652",53,1358750.12
Ches Bonnell,Canada,Choco Coated Almonds,24-Aug-22,"$15,547",269,1349635.07
Kaine Padly,USA,Milk Bars,15-Jun-22,"$15,491",58,1344773.71
Rafaelita Blaksland,India,Mint Chip Choco,26-Jan-22,"$15,491",85,1344773.71
Barr Faughny,Australia,Fruit & Nut Bars,30-Jun-22,"$15,421",55,1338697.01
Brien Boise,UK,Peanut Butter Cubes,10-Jan-22,"$15,330",30,1330797.3
Oby Sorrel,New Zealand,Organic Choco Syrup,17-Feb-22,"$15,316",270,1329581.96
Camilla Castle,New Zealand,85% Dark Bars,08-Aug-22,"$15,099",55,1310744.19
Rafaelita Blaksland,USA,Smooth Sliky Salty,27-Jul-22,"$15,057",212,1307098.17
Curtice Advani,UK,Peanut Butter Cubes,01-Mar-22,"$15,008",165,1302844.48
Brien Boise,New Zealand,Manuka Honey Choco,14-Jun-22,"$14,980",42,1300413.8
Husein Augar,UK,Caramel Stuffed Bars,15-Apr-22,"$14,938",433,1296767.78
Ches Bonnell,UK,85% Dark Bars,28-Jun-22,"$14,924",12,1295552.44
Husein Augar,Australia,50% Dark Bites,19-Aug-22,"$14,889",52,1292514.09
Beverie Moffet,USA,Raspberry Choco,19-Apr-22,"$14,798",83,1284614.38
Madelene Upcott,Canada,Peanut Butter Cubes,05-Jul-22,"$14,763",113,1281576.03
Karlen McCaffrey,USA,Raspberry Choco,15-Apr-22,"$14,749",354,1280360.69
Mallorie Waber,Australia,Orange Choco,07-Mar-22,"$14,658",275,1272460.98
Madelene Upcott,UK,Smooth Sliky Salty,04-Mar-22,"$14,539",84,1262130.59
Ches Bonnell,USA,Choco Coated Almonds,04-Jan-22,"$14,525",92,1260915.25
Andria Kimpton,USA,Raspberry Choco,30-Jun-22,"$14,504",21,1259092.24
Andria Kimpton,UK,Milk Bars,11-Feb-22,"$14,336",293,1244508.16
Brien Boise,USA,Milk Bars,07-Jul-22,"$14,301",130,1241469.81
Beverie Moffet,Canada,Smooth Sliky Salty,28-Feb-22,"$14,287",370,1240254.47
Ches Bonnell,UK,Orange Choco,27-Apr-22,"$14,238",54,1236000.78
Curtice Advani,USA,After Nines,13-Apr-22,"$14,147",235,1228101.07
Roddy Speechley,UK,Baker's Choco Chips,04-Apr-22,"$14,028",351,1217770.68
Beverie Moffet,USA,Peanut Butter Cubes,18-Aug-22,"$13,930",339,1209263.3
Gunar Cockshoot,Canada,Fruit & Nut Bars,24-Mar-22,"$13,888",203,1205617.28
Dennison Crosswaite,Australia,Baker's Choco Chips,11-Jan-22,"$13,846",421,1201971.26
Jan Morforth,India,Baker's Choco Chips,01-Aug-22,"$13,727",79,1191640.87
Jehu Rudeforth,Australia,Orange Choco,23-Mar-22,"$13,706",26,1189817.86
Van Tuxwell,India,After Nines,27-Jun-22,"$13,706",207,1189817.86
Jehu Rudeforth,UK,Peanut Butter Cubes,24-Feb-22,"$13,685",184,1187994.85
Oby Sorrel,UK,99% Dark & Pure,25-Jan-22,"$13,685",176,1187994.85
Van Tuxwell,Canada,50% Dark Bites,12-May-22,"$13,685",58,1187994.85
Dennison Crosswaite,India,Mint Chip Choco,23-Mar-22,"$13,573",138,1178272.13
Brien Boise,India,Milk Bars,22-Feb-22,"$13,503",251,1172195.43
Andria Kimpton,India,50% Dark Bites,31-Jan-22,"$13,482",15,1170372.42
Beverie Moffet,Canada,Baker's Choco Chips,11-Jan-22,"$13,447",95,1167334.07
Gunar Cockshoot,Canada,Spicy Special Slims,05-Apr-22,"$13,405",12,1163688.05
Madelene Upcott,New Zealand,70% Dark Bites,22-Feb-22,"$13,356",93,1159434.36
Van Tuxwell,Australia,Baker's Choco Chips,11-May-22,"$13,258",32,1150926.98
Marney O'Breen,Australia,Spicy Special Slims,23-Jun-22,"$13,125",275,1139381.25
Rafaelita Blaksland,New Zealand,Caramel Stuffed Bars,20-May-22,"$13,083",14,1135735.23
Marney O'Breen,Australia,Manuka Honey Choco,05-Apr-22,"$13,076",236,1135127.56
Gunar Cockshoot,New Zealand,Choco Coated Almonds,01-Aug-22,"$13,062",62,1133912.22
Barr Faughny,USA,50% Dark Bites,14-Apr-22,"$13,034",117,1131481.54
Kelci Walkden,UK,Fruit & Nut Bars,29-Jun-22,"$13,006",482,1129050.86
Gunar Cockshoot,India,50% Dark Bites,09-Aug-22,"$12,992",83,1127835.52
Kaine Padly,New Zealand,Eclairs,20-Jan-22,"$12,894",48,1119328.14
Barr Faughny,USA,85% Dark Bars,25-Aug-22,"$12,761",47,1107782.41
Jan Morforth,Australia,Peanut Butter Cubes,27-Apr-22,"$12,726",342,1104744.06
Dennison Crosswaite,USA,Organic Choco Syrup,18-Jul-22,"$12,656",126,1098667.36
Roddy Speechley,UK,Raspberry Choco,28-Jan-22,"$12,635",194,1096844.35
Van Tuxwell,USA,99% Dark & Pure,28-Jul-22,"$12,586",6,1092590.66
Curtice Advani,Canada,99% Dark & Pure,07-Jul-22,"$12,586",7,1092590.66
Roddy Speechley,Australia,Drinking Coco,12-May-22,"$12,565",102,1090767.65
Madelene Upcott,New Zealand,Milk Bars,29-Mar-22,"$12,558",403,1090159.98
Brien Boise,Australia,Baker's Choco Chips,04-Jan-22,"$12,516",212,1086513.96
Gunar Cockshoot,UK,Spicy Special Slims,16-Feb-22,"$12,488",200,1084083.28
Camilla Castle,Canada,Drinking Coco,03-Mar-22,"$12,481",264,1083475.61
Rafaelita Blaksland,UK,99% Dark & Pure,29-Jun-22,"$12,446",150,1080437.26
Oby Sorrel,Canada,Peanut Butter Cubes,07-Jun-22,"$12,425",167,1078614.25
Beverie Moffet,USA,85% Dark Bars,23-Aug-22,"$12,404",334,1076791.24
Gigi Bohling,UK,85% Dark Bars,23-Jun-22,"$12,362",94,1073145.22
Dotty Strutley,India,White Choc,15-Aug-22,"$12,327",330,1070106.87
Gigi Bohling,USA,Choco Coated Almonds,02-Mar-22,"$12,313",103,1068891.53
Gunar Cockshoot,Australia,50% Dark Bites,02-Mar-22,"$12,271",116,1065245.51
Madelene Upcott,USA,White Choc,04-May-22,"$12,250",213,1063422.5
Dennison Crosswaite,UK,99% Dark & Pure,30-May-22,"$12,187",27,1057953.47
Kaine Padly,India,70% Dark Bites,24-Jan-22,"$12,173",301,1056738.13
Jehu Rudeforth,UK,Milk Bars,03-May-22,"$12,068",227,1047623.08
Wilone O'Kielt,India,After Nines,04-Aug-22,"$12,026",262,1043977.06
Gigi Bohling,Canada,Spicy Special Slims,04-Jul-22,"$11,956",277,1037900.36
Camilla Castle,India,Peanut Butter Cubes,15-Jul-22,"$11,837",277,1027569.97
Oby Sorrel,New Zealand,Baker's Choco Chips,25-Apr-22,"$11,823",47,1026354.63
Ches Bonnell,India,Almond Choco,13-Apr-22,"$11,788",73,1023316.28
Dennison Crosswaite,USA,Smooth Sliky Salty,12-May-22,"$11,781",91,1022708.61
Dennison Crosswaite,USA,Almond Choco,30-Jun-22,"$11,718",84,1017239.58
Wilone O'Kielt,New Zealand,Mint Chip Choco,19-Aug-22,"$11,662",242,1012378.22
Husein Augar,USA,After Nines,08-Apr-22,"$11,571",180,1004478.51
Camilla Castle,New Zealand,Spicy Special Slims,25-Jan-22,"$11,564",24,1003870.84
Rafaelita Blaksland,Australia,Drinking Coco,21-Feb-22,"$11,550",396,1002655.5
Dotty Strutley,Canada,Manuka Honey Choco,22-Apr-22,"$11,550",111,1002655.5
Oby Sorrel,Australia,Spicy Special Slims,26-Apr-22,"$11,389",26,988679.09
Marney O'Breen,UK,Orange Choco,06-Jun-22,"$11,319",12,982602.39
Marney O'Breen,Australia,Choco Coated Almonds,27-Jul-22,"$11,298",41,980779.38
Jan Morforth,India,Smooth Sliky Salty,03-Aug-22,"$11,298",89,980779.38
Ches Bonnell,India,50% Dark Bites,15-Apr-22,"$11,298",313,980779.38
Beverie Moffet,New Zealand,85% Dark Bars,30-Aug-22,"$11,200",22,972272.0
Oby Sorrel,India,Spicy Special Slims,08-Jun-22,"$11,137",88,966802.97
Kelci Walkden,Australia,Orange Choco,29-Apr-22,"$11,116",432,964979.96
Karlen McCaffrey,USA,Orange Choco,12-May-22,"$11,095",401,963156.95
Karlen McCaffrey,India,Mint Chip Choco,15-Jul-22,"$10,990",184,954041.9
Marney O'Breen,UK,Manuka Honey Choco,10-Jun-22,"$10,983",179,953434.23
Gigi Bohling,New Zealand,Fruit & Nut Bars,04-Apr-22,"$10,976",121,952826.56
Barr Faughny,Canada,Baker's Choco Chips,03-Feb-22,"$10,969",170,952218.89
Madelene Upcott,Canada,70% Dark Bites,24-Jan-22,"$10,927",141,948572.87
Curtice Advani,UK,Fruit & Nut Bars,24-Jun-22,"$10,927",136,948572.87
Ches Bonnell,India,Spicy Special Slims,06-Jul-22,"$10,906",94,946749.86
Dennison Crosswaite,Canada,85% Dark Bars,01-Aug-22,"$10,885",90,944926.85
Gigi Bohling,USA,Spicy Special Slims,21-Jan-22,"$10,829",54,940065.49
Beverie Moffet,New Zealand,Peanut Butter Cubes,23-Feb-22,"$10,822",30,939457.82
Karlen McCaffrey,Australia,99% Dark & Pure,26-Jan-22,"$10,822",168,939457.82
Husein Augar,UK,White Choc,13-Jan-22,"$10,815",145,938850.15
Dennison Crosswaite,UK,Milk Bars,07-Mar-22,"$10,808",407,938242.48
Madelene Upcott,Australia,Organic Choco Syrup,05-Jul-22,"$10,794",50,937027.14
Madelene Upcott,New Zealand,White Choc,22-Aug-22,"$10,794",51,937027.14
Marney O'Breen,India,99% Dark & Pure,22-Jul-22,"$10,766",157,934596.46
Dotty Strutley,New Zealand,99% Dark & Pure,09-May-22,"$10,724",203,930950.44
Van Tuxwell,UK,Almond Choco,06-Jun-22,"$10,689",204,927912.09
Roddy Speechley,India,Spicy Special Slims,22-Mar-22,"$10,647",173,924266.07
Kelci Walkden,New Zealand,Smooth Sliky Salty,11-Mar-22,"$10,633",277,923050.73
Brien Boise,USA,Mint Chip Choco,25-May-22,"$10,577",150,918189.37
Beverie Moffet,Australia,Smooth Sliky Salty,25-Jan-22,"$10,507",467,912112.67
Van Tuxwell,India,Eclairs,21-Jul-22,"$10,500",106,911505.0
Jehu Rudeforth,Australia,99% Dark & Pure,25-Feb-22,"$10,486",198,910289.66
Dennison Crosswaite,Canada,Choco Coated Almonds,13-Jan-22,"$10,479",118,909681.99
Madelene Upcott,UK,99% Dark & Pure,26-Jan-22,"$10,479",45,909681.99
Roddy Speechley,USA,50% Dark Bites,11-Feb-22,"$10,458",316,907858.98
Mallorie Waber,India,Eclairs,12-Apr-22,"$10,437",46,906035.97
Beverie Moffet,Canada,Fruit & Nut Bars,14-Feb-22,"$10,332",180,896920.92
Beverie Moffet,India,Eclairs,09-Jun-22,"$10,325",147,896313.25
Roddy Speechley,India,Peanut Butter Cubes,11-Feb-22,"$10,283",21,892667.23
Andria Kimpton,Canada,70% Dark Bites,08-Apr-22,"$10,262",15,890844.22
Oby Sorrel,India,99% Dark & Pure,27-May-22,"$10,255",11,890236.55
Brien Boise,Canada,85% Dark Bars,17-Feb-22,"$10,241",259,889021.21
Dotty Strutley,USA,85% Dark Bars,25-Apr-22,"$10,220",508,887198.2
Kaine Padly,Canada,Manuka Honey Choco,18-Jan-22,"$10,213",135,886590.53
Ches Bonnell,Australia,Peanut Butter Cubes,14-Mar-22,"$10,199",68,885375.19
Kaine Padly,UK,Caramel Stuffed Bars,20-May-22,"$10,192",67,884767.52
Barr Faughny,Canada,50% Dark Bites,19-Jul-22,"$10,185",303,884159.85
Karlen McCaffrey,USA,Manuka Honey Choco,01-Feb-22,"$10,171",67,882944.51
Madelene Upcott,UK,Choco Coated Almonds,24-May-22,"$10,164",134,882336.84
Rafaelita Blaksland,UK,50% Dark Bites,16-Feb-22,"$10,150",68,881121.5
Madelene Upcott,USA,Almond Choco,31-May-22,"$10,143",24,880513.83
Jehu Rudeforth,India,Almond Choco,30-Aug-22,"$10,122",100,878690.82
Oby Sorrel,India,Smooth Sliky Salty,07-Feb-22,"$10,101",108,876867.81
Dennison Crosswaite,Australia,Milk Bars,09-Jun-22,"$10,038",286,871398.78
Wilone O'Kielt,Australia,50% Dark Bites,03-Aug-22,"$10,031",114,870791.11
Barr Faughny,New Zealand,After Nines,19-Apr-22,"$10,024",84,870183.44
Gigi Bohling,Canada,Almond Choco,01-Feb-22,"$9,989",49,867145.09
Camilla Castle,UK,White Choc,03-Jan-22,"$9,982",187,866537.42
Husein Augar,India,Raspberry Choco,15-Jun-22,"$9,954",154,864106.74
Rafaelita Blaksland,Canada,Drinking Coco,12-Jul-22,"$9,884",200,858030.04
Kelci Walkden,USA,Organic Choco Syrup,21-Jul-22,"$9,870",152,856814.7
Ches Bonnell,Canada,Smooth Sliky Salty,16-Mar-22,"$9,870",121,856814.7
Beverie Moffet,India,Manuka Honey Choco,06-May-22,"$9,835",167,853776.35
Husein Augar,Canada,After Nines,19-Jan-22,"$9,772",301,848307.32
Curtice Advani,New Zealand,50% Dark Bites,27-Jan-22,"$9,765",85,847699.65
Andria Kimpton,Australia,Manuka Honey Choco,30-Mar-22,"$9,744",377,845876.64
Jan Morforth,UK,Almond Choco,06-Jul-22,"$9,744",157,845876.64
Van Tuxwell,USA,50% Dark Bites,13-Jan-22,"$9,737",160,845268.97
Camilla Castle,Canada,70% Dark Bites,27-Jul-22,"$9,716",151,843445.96
Camilla Castle,USA,White Choc,18-Aug-22,"$9,681",24,840407.61
Ches Bonnell,Australia,Mint Chip Choco,21-Feb-22,"$9,660",92,838584.6
Van Tuxwell,New Zealand,Baker's Choco Chips,22-Mar-22,"$9,660",24,838584.6
Ches Bonnell,India,Choco Coated Almonds,05-Apr-22,"$9,625",78,835546.25
Oby Sorrel,UK,Smooth Sliky Salty,31-May-22,"$9,625",313,835546.25
Roddy Speechley,USA,Manuka Honey Choco,22-Jul-22,"$9,583",315,831900.23
Jan Morforth,Canada,Caramel Stuffed Bars,02-Aug-22,"$9,541",114,828254.21
Husein Augar,USA,99% Dark & Pure,21-Feb-22,"$9,534",111,827646.54
Mallorie Waber,Australia,Eclairs,22-Aug-22,"$9,527",222,827038.87
Kelci Walkden,UK,Choco Coated Almonds,24-May-22,"$9,506",212,825215.86
Dennison Crosswaite,New Zealand,White Choc,05-Jul-22,"$9,492",151,824000.52
Wilone O'Kielt,USA,Choco Coated Almonds,06-Jun-22,"$9,457",6,820962.17
Mallorie Waber,New Zealand,Manuka Honey Choco,13-Apr-22,"$9,436",11,819139.16
Kelci Walkden,USA,White Choc,07-Mar-22,"$9,422",22,817923.82
Kelci Walkden,India,Orange Choco,07-Jun-22,"$9,408",138,816708.48
Rafaelita Blaksland,UK,Spicy Special Slims,03-Aug-22,"$9,345",133,811239.45
Roddy Speechley,Canada,Smooth Sliky Salty,07-Mar-22,"$9,338",11,810631.78
Oby Sorrel,UK,Choco Coated Almonds,17-Mar-22,"$9,324",41,809416.44
Dotty Strutley,UK,99% Dark & Pure,03-Jan-22,"$9,310",282,808201.1
Barr Faughny,USA,Raspberry Choco,12-Apr-22,"$9,282",101,805770.42
Camilla Castle,India,50% Dark Bites,04-Jul-22,"$9,275",411,805162.75
Beverie Moffet,Canada,White Choc,15-Jul-22,"$9,275",173,805162.75
Barr Faughny,Australia,Raspberry Choco,27-May-22,"$9,268",100,804555.08
Madelene Upcott,New Zealand,Raspberry Choco,18-May-22,"$9,226",415,800909.06
Gunar Cockshoot,New Zealand,Fruit & Nut Bars,10-Jun-22,"$9,205",419,799086.05
Wilone O'Kielt,New Zealand,Almond Choco,15-Mar-22,"$9,198",144,798478.38
Curtice Advani,Australia,Caramel Stuffed Bars,14-Feb-22,"$9,114",140,791186.34
Dotty Strutley,India,Peanut Butter Cubes,16-Feb-22,"$9,107",73,790578.67
Jan Morforth,India,99% Dark & Pure,23-May-22,"$9,100",187,789971.0
Barr Faughny,USA,Fruit & Nut Bars,28-Jan-22,"$9,058",46,786324.98
Ches Bonnell,New Zealand,Mint Chip Choco,18-Jan-22,"$9,058",229,786324.98
Jan Morforth,USA,Peanut Butter Cubes,22-Jul-22,"$9,037",102,784501.97
Andria Kimpton,UK,White Choc,12-May-22,"$9,037",101,784501.97
Gigi Bohling,UK,Baker's Choco Chips,16-May-22,"$9,023",409,783286.63
Camilla Castle,India,85% Dark Bars,04-May-22,"$9,023",51,783286.63
Kaine Padly,UK,Smooth Sliky Salty,08-Jun-22,"$9,016",554,782678.96
Kaine Padly,Australia,50% Dark Bites,02-Aug-22,"$8,995",78,780855.95
Oby Sorrel,India,85% Dark Bars,05-Jul-22,"$8,981",130,779640.61
Marney O'Breen,New Zealand,Fruit & Nut Bars,25-Aug-22,"$8,939",4,775994.59
Dennison Crosswaite,UK,Peanut Butter Cubes,07-Feb-22,"$8,925",158,774779.25
Andria Kimpton,USA,85% Dark Bars,05-Apr-22,"$8,911",82,773563.91
Roddy Speechley,India,Caramel Stuffed Bars,30-May-22,"$8,911",543,773563.91
Jan Morforth,Canada,Fruit & Nut Bars,25-Jul-22,"$8,904",199,772956.24
Husein Augar,Australia,Orange Choco,28-Jun-22,"$8,897",188,772348.57
Madelene Upcott,USA,Eclairs,18-Mar-22,"$8,883",200,771133.23
Andria Kimpton,New Zealand,Mint Chip Choco,15-Feb-22,"$8,848",211,768094.88
Beverie Moffet,Canada,Milk Bars,16-Feb-22,"$8,799",250,763841.19
Jan Morforth,UK,White Choc,22-Jun-22,"$8,799",47,763841.19
Jehu Rudeforth,India,Eclairs,24-Feb-22,"$8,771",127,761410.51
Ches Bonnell,Australia,Caramel Stuffed Bars,17-Jan-22,"$8,757",162,760195.17
Oby Sorrel,Canada,Orange Choco,27-Apr-22,"$8,757",338,760195.17
Beverie Moffet,Canada,Orange Choco,10-May-22,"$8,722",109,757156.82
Kelci Walkden,Australia,White Choc,24-Aug-22,"$8,715",168,756549.15
Kaine Padly,Canada,50% Dark Bites,04-Mar-22,"$8,687",100,754118.47
Beverie Moffet,UK,Spicy Special Slims,17-Feb-22,"$8,680",252,753510.8
Oby Sorrel,New Zealand,Smooth Sliky Salty,07-Jul-22,"$8,673",60,752903.13
Jehu Rudeforth,Australia,Milk Bars,18-Mar-22,"$8,659",29,751687.79
Marney O'Breen,New Zealand,Organic Choco Syrup,08-Jul-22,"$8,624",50,748649.44
Van Tuxwell,Canada,Manuka Honey Choco,24-Feb-22,"$8,617",46,748041.77
Marney O'Breen,New Zealand,70% Dark Bites,14-Feb-22,"$8,603",352,746826.43
Jehu Rudeforth,UK,Fruit & Nut Bars,13-May-22,"$8,589",229,745611.09
Brien Boise,Australia,Fruit & Nut Bars,06-Jun-22,"$8,575",23,744395.75
Rafaelita Blaksland,USA,Drinking Coco,20-Jun-22,"$8,526",73,740142.06
Madelene Upcott,UK,Fruit & Nut Bars,05-Jan-22,"$8,512",189,738926.72
Barr Faughny,Australia,85% Dark Bars,10-Feb-22,"$8,498",44,737711.38
Dennison Crosswaite,Canada,Organic Choco Syrup,28-Jan-22,"$8,491",75,737103.71
Marney O'Breen,New Zealand,Smooth Sliky Salty,14-Jun-22,"$8,484",57,736496.04
Marney O'Breen,USA,Baker's Choco Chips,26-Jan-22,"$8,470",9,735280.7
Beverie Moffet,UK,Eclairs,22-Apr-22,"$8,463",155,734673.03
Dennison Crosswaite,India,Organic Choco Syrup,27-Jan-22,"$8,428",216,731634.68
Mallorie Waber,Australia,Raspberry Choco,25-Apr-22,"$8,400",27,729204.0
Andria Kimpton,USA,Caramel Stuffed Bars,02-May-22,"$8,393",46,728596.33
Marney O'Breen,New Zealand,Peanut Butter Cubes,03-Aug-22,"$8,379",173,727380.99
Mallorie Waber,UK,Manuka Honey Choco,15-Jun-22,"$8,379",43,727380.99
Roddy Speechley,India,50% Dark Bites,14-Mar-22,"$8,337",12,723734.97
Husein Augar,UK,Almond Choco,17-May-22,"$8,309",166,721304.29
Ches Bonnell,New Zealand,Drinking Coco,16-Feb-22,"$8,302",131,720696.62
Gigi Bohling,New Zealand,Manuka Honey Choco,28-Jun-22,"$8,267",272,717658.27
Dotty Strutley,Australia,Spicy Special Slims,17-Jan-22,"$8,225",91,714012.25
Andria Kimpton,Canada,Organic Choco Syrup,04-Jan-22,"$8,204",204,712189.24
Gigi Bohling,New Zealand,Orange Choco,16-May-22,"$8,204",307,712189.24
Gigi Bohling,UK,50% Dark Bites,18-Jul-22,"$8,197",69,711581.57
Barr Faughny,India,After Nines,29-Jul-22,"$8,190",109,710973.9
Kelci Walkden,India,Raspberry Choco,16-Jun-22,"$8,183",254,710366.23
Andria Kimpton,New Zealand,Orange Choco,14-Jun-22,"$8,169",88,709150.89
Curtice Advani,India,Mint Chip Choco,03-Mar-22,"$8,155",96,707935.55
Roddy Speechley,Canada,Orange Choco,09-Feb-22,"$8,148",85,707327.88
Barr Faughny,New Zealand,99% Dark & Pure,24-May-22,"$8,134",195,706112.54
Barr Faughny,Australia,White Choc,04-Jul-22,"$8,113",370,704289.53
Marney O'Breen,UK,99% Dark & Pure,13-Jan-22,"$8,113",194,704289.53
Brien Boise,Canada,Spicy Special Slims,04-Mar-22,"$8,106",101,703681.86
Kelci Walkden,Canada,Smooth Sliky Salty,17-Mar-22,"$8,099",118,703074.19
Jan Morforth,India,Peanut Butter Cubes,04-Jan-22,"$8,092",178,702466.52
Rafaelita Blaksland,India,Spicy Special Slims,04-Jan-22,"$8,064",134,700035.84
Ches Bonnell,India,Smooth Sliky Salty,03-Aug-22,"$8,043",18,698212.83
Gigi Bohling,UK,After Nines,29-Mar-22,"$8,029",175,696997.49
Kaine Padly,UK,Choco Coated Almonds,03-Aug-22,"$8,022",123,696389.82
Roddy Speechley,New Zealand,After Nines,25-May-22,"$8,001",10,694566.81
Gigi Bohling,Australia,Caramel Stuffed Bars,08-Jul-22,"$8,001",151,694566.81
Oby Sorrel,USA,Baker's Choco Chips,12-Aug-22,"$8,001",120,694566.81
Oby Sorrel,UK,Organic Choco Syrup,30-Jun-22,"$7,980",157,692743.8
Husein Augar,Australia,Fruit & Nut Bars,28-Jan-22,"$7,959",53,690920.79
Curtice Advani,New Zealand,After Nines,05-Apr-22,"$7,959",30,690920.79
Gunar Cockshoot,Australia,99% Dark & Pure,18-Aug-22,"$7,952",235,690313.12
Andria Kimpton,UK,Caramel Stuffed Bars,07-Jun-22,"$7,924",275,687882.44
Van Tuxwell,Australia,Milk Bars,20-Jun-22,"$7,910",87,686667.1
Kelci Walkden,Australia,Milk Bars,24-Feb-22,"$7,910",125,686667.1
Van Tuxwell,India,85% Dark Bars,01-Aug-22,"$7,896",94,685451.76
Mallorie Waber,Australia,Almond Choco,01-Aug-22,"$7,882",125,684236.42
Marney O'Breen,USA,Almond Choco,25-Feb-22,"$7,798",167,676944.38
Karlen McCaffrey,UK,Eclairs,25-Jan-22,"$7,798",196,676944.38
Camilla Castle,Canada,Orange Choco,17-Feb-22,"$7,770",54,674513.7
Gunar Cockshoot,Canada,Mint Chip Choco,01-Jul-22,"$7,756",410,673298.36
Madelene Upcott,UK,Peanut Butter Cubes,12-Aug-22,"$7,756",85,673298.36
Madelene Upcott,USA,Orange Choco,16-May-22,"$7,742",138,672083.02
Kaine Padly,New Zealand,Spicy Special Slims,01-Jul-22,"$7,728",37,670867.68
Ches Bonnell,USA,Organic Choco Syrup,28-Jul-22,"$7,721",14,670260.01
Kelci Walkden,USA,99% Dark & Pure,18-Aug-22,"$7,714",238,669652.34
Mallorie Waber,New Zealand,85% Dark Bars,06-Jun-22,"$7,714",106,669652.34
Karlen McCaffrey,Canada,70% Dark Bites,24-Jun-22,"$7,714",597,669652.34
Oby Sorrel,USA,Drinking Coco,11-Mar-22,"$7,714",44,669652.34
Kaine Padly,Australia,Eclairs,28-Feb-22,"$7,672",115,666006.32
Oby Sorrel,Australia,Milk Bars,21-Jun-22,"$7,672",254,666006.32
Ches Bonnell,New Zealand,Organic Choco Syrup,15-Jul-22,"$7,623",85,661752.63
Kaine Padly,USA,Eclairs,22-Aug-22,"$7,623",10,661752.63
Kelci Walkden,New Zealand,White Choc,13-Apr-22,"$7,609",150,660537.29
Madelene Upcott,Canada,Almond Choco,22-Aug-22,"$7,602",102,659929.62
Barr Faughny,Canada,Orange Choco,30-Jun-22,"$7,602",18,659929.62
Marney O'Breen,USA,Orange Choco,27-Jan-22,"$7,595",181,659321.95
Ches Bonnell,New Zealand,Caramel Stuffed Bars,30-Jun-22,"$7,588",42,658714.28
Gunar Cockshoot,Canada,White Choc,11-Aug-22,"$7,560",15,656283.6
Kelci Walkden,Canada,Peanut Butter Cubes,08-Apr-22,"$7,532",44,653852.92
Kelci Walkden,India,Drinking Coco,04-Jul-22,"$7,532",234,653852.92
Madelene Upcott,Canada,85% Dark Bars,17-Feb-22,"$7,504",101,651422.24
Marney O'Breen,New Zealand,Milk Bars,14-Jan-22,"$7,490",315,650206.9
Ches Bonnell,Australia,Smooth Sliky Salty,16-May-22,"$7,490",54,650206.9
Karlen McCaffrey,India,White Choc,17-Jan-22,"$7,483",232,649599.23
Roddy Speechley,New Zealand,99% Dark & Pure,18-Apr-22,"$7,483",183,649599.23
Ches Bonnell,Canada,Baker's Choco Chips,21-Mar-22,"$7,462",371,647776.22
Kaine Padly,Australia,Fruit & Nut Bars,20-Jun-22,"$7,434",85,645345.54
Barr Faughny,USA,White Choc,05-May-22,"$7,420",163,644130.2
Madelene Upcott,New Zealand,Mint Chip Choco,11-Mar-22,"$7,413",4,643522.53
Barr Faughny,India,Mint Chip Choco,12-Jan-22,"$7,413",465,643522.53
Camilla Castle,Australia,Smooth Sliky Salty,03-Mar-22,"$7,406",118,642914.86
Gigi Bohling,USA,70% Dark Bites,14-Jan-22,"$7,364",196,639268.84
Karlen McCaffrey,Australia,White Choc,05-Jan-22,"$7,357",48,638661.17
Madelene Upcott,UK,Raspberry Choco,26-Aug-22,"$7,357",341,638661.17
Madelene Upcott,Australia,50% Dark Bites,25-Jul-22,"$7,350",6,638053.5
Oby Sorrel,UK,Orange Choco,15-Apr-22,"$7,315",237,635015.15
Karlen McCaffrey,Australia,Almond Choco,08-Jul-22,"$7,294",128,633192.14
Dennison Crosswaite,Australia,50% Dark Bites,01-Apr-22,"$7,287",12,632584.47
Kelci Walkden,Australia,Eclairs,23-Mar-22,"$7,273",547,631369.13
Gigi Bohling,Australia,Eclairs,12-Apr-22,"$7,252",136,629546.12
Dennison Crosswaite,UK,White Choc,03-Aug-22,"$7,238",265,628330.78
Kaine Padly,New Zealand,70% Dark Bites,24-Mar-22,"$7,231",38,627723.11
Brien Boise,New Zealand,70% Dark Bites,15-Jun-22,"$7,231",130,627723.11
Jehu Rudeforth,Canada,Milk Bars,21-Feb-22,"$7,203",12,625292.43
Gunar Cockshoot,India,Organic Choco Syrup,03-Jun-22,"$7,196",160,624684.76
Madelene Upcott,Australia,Spicy Special Slims,07-Mar-22,"$7,182",408,623469.42
Gunar Cockshoot,New Zealand,After Nines,09-Aug-22,"$7,175",145,622861.75
Husein Augar,Australia,Manuka Honey Choco,15-Mar-22,"$7,161",92,621646.41
Andria Kimpton,Canada,Caramel Stuffed Bars,03-Jan-22,"$7,154",348,621038.74
Curtice Advani,India,White Choc,04-Jul-22,"$7,154",342,621038.74
Jehu Rudeforth,USA,Raspberry Choco,04-Mar-22,"$7,154",133,621038.74
Jehu Rudeforth,UK,Drinking Coco,03-Feb-22,"$7,140",438,619823.4
Kaine Padly,UK,Manuka Honey Choco,14-Jan-22,"$7,133",118,619215.73
Beverie Moffet,New Zealand,White Choc,24-Mar-22,"$7,126",7,618608.06
Rafaelita Blaksland,Canada,Caramel Stuffed Bars,01-Aug-22,"$7,119",101,618000.39
Dennison Crosswaite,Australia,Drinking Coco,13-Jul-22,"$7,091",194,615569.71
Van Tuxwell,Canada,70% Dark Bites,02-Jun-22,"$7,077",77,614354.37
Van Tuxwell,Australia,70% Dark Bites,10-Jan-22,"$7,063",104,613139.03
Wilone O'Kielt,USA,Orange Choco,28-Feb-22,"$7,042",37,611316.02
Dotty Strutley,New Zealand,White Choc,15-Jun-22,"$7,014",60,608885.34
Gunar Cockshoot,USA,85% Dark Bars,30-Jun-22,"$7,007",135,608277.67
Husein Augar,Australia,Eclairs,04-Jul-22,"$6,993",31,607062.33
Mallorie Waber,USA,Almond Choco,28-Jan-22,"$6,986",368,606454.66
Curtice Advani,Australia,Milk Bars,14-Feb-22,"$6,979",18,605846.99
Dotty Strutley,Australia,Eclairs,26-Jan-22,"$6,979",3,605846.99
Jehu Rudeforth,New Zealand,85% Dark Bars,11-Mar-22,"$6,972",89,605239.32
Madelene Upcott,UK,Organic Choco Syrup,21-Jul-22,"$6,965",163,604631.65
Oby Sorrel,Australia,85% Dark Bars,30-Jun-22,"$6,944",27,602808.64
Brien Boise,Canada,Manuka Honey Choco,09-Aug-22,"$6,930",182,601593.3
Kelci Walkden,Australia,After Nines,02-Mar-22,"$6,916",288,600377.96
Gunar Cockshoot,USA,Eclairs,03-May-22,"$6,916",42,600377.96
Rafaelita Blaksland,Australia,Raspberry Choco,19-Jan-22,"$6,916",259,600377.96
Brien Boise,Australia,Eclairs,27-Jun-22,"$6,888",88,597947.28
Dennison Crosswaite,India,99% Dark & Pure,23-Jun-22,"$6,888",311,597947.28
Dennison Crosswaite,Australia,85% Dark Bars,05-Apr-22,"$6,881",420,597339.61
Gunar Cockshoot,New Zealand,Spicy Special Slims,28-Jun-22,"$6,867",183,596124.27
Karlen McCaffrey,UK,Almond Choco,30-Jun-22,"$6,839",133,593693.59
Ches Bonnell,India,Caramel Stuffed Bars,15-Jun-22,"$6,839",56,593693.59
Oby Sorrel,India,Raspberry Choco,14-Apr-22,"$6,832",46,593085.92
Brien Boise,Australia,Drinking Coco,27-Jul-22,"$6,832",156,593085.92
Kaine Padly,Australia,After Nines,08-Apr-22,"$6,832",306,593085.92
Rafaelita Blaksland,Australia,White Choc,21-Mar-22,"$6,818",102,591870.58
Gunar Cockshoot,UK,Raspberry Choco,11-Aug-22,"$6,811",344,591262.91
Roddy Speechley,Australia,Mint Chip Choco,05-May-22,"$6,797",252,590047.57
Beverie Moffet,Australia,Organic Choco Syrup,26-Jan-22,"$6,790",356,589439.9
Kaine Padly,USA,Peanut Butter Cubes,16-Feb-22,"$6,790",188,589439.9
Dotty Strutley,Australia,Mint Chip Choco,01-Aug-22,"$6,790",25,589439.9
Roddy Speechley,Canada,Drinking Coco,17-May-22,"$6,776",312,588224.56
Brien Boise,USA,99% Dark & Pure,25-Jul-22,"$6,769",353,587616.89
Gunar Cockshoot,UK,Manuka Honey Choco,27-Jun-22,"$6,762",46,587009.22
Barr Faughny,New Zealand,Eclairs,28-Mar-22,"$6,713",31,582755.53
Madelene Upcott,Australia,Orange Choco,15-Apr-22,"$6,713",398,582755.53
Kaine Padly,Australia,70% Dark Bites,08-Feb-22,"$6,706",223,582147.86
Andria Kimpton,Australia,Peanut Butter Cubes,20-Apr-22,"$6,678",148,579717.18
Beverie Moffet,New Zealand,Organic Choco Syrup,24-May-22,"$6,678",226,579717.18
Karlen McCaffrey,Australia,50% Dark Bites,17-Jan-22,"$6,678",708,579717.18
Jehu Rudeforth,USA,Smooth Sliky Salty,07-Jul-22,"$6,657",154,577894.17
Oby Sorrel,Canada,50% Dark Bites,24-Jun-22,"$6,615",137,574248.15
Marney O'Breen,Canada,Peanut Butter Cubes,08-Mar-22,"$6,594",91,572425.14
Gigi Bohling,Canada,White Choc,11-Jul-22,"$6,587",4,571817.47
Barr Faughny,India,Caramel Stuffed Bars,04-Jan-22,"$6,566",99,569994.46
Andria Kimpton,New Zealand,Almond Choco,05-Apr-22,"$6,559",158,569386.79
Jehu Rudeforth,USA,White Choc,07-Jun-22,"$6,559",119,569386.79
Van Tuxwell,UK,Raspberry Choco,16-Mar-22,"$6,538",79,567563.78
Dennison Crosswaite,USA,Raspberry Choco,18-Jan-22,"$6,524",257,566348.44
Gigi Bohling,Australia,Raspberry Choco,30-Mar-22,"$6,524",303,566348.44
Gunar Cockshoot,India,Spicy Special Slims,13-May-22,"$6,510",170,565133.1
Mallorie Waber,New Zealand,Orange Choco,01-Feb-22,"$6,510",23,565133.1
Jan Morforth,India,After Nines,14-Mar-22,"$6,496",168,563917.76
Marney O'Breen,India,Peanut Butter Cubes,10-Jan-22,"$6,489",146,563310.09
Beverie Moffet,UK,White Choc,30-Jun-22,"$6,475",76,562094.75
Barr Faughny,New Zealand,Raspberry Choco,29-Jul-22,"$6,468",66,561487.08
Oby Sorrel,UK,Milk Bars,11-Jul-22,"$6,468",223,561487.08
Barr Faughny,India,Baker's Choco Chips,18-Aug-22,"$6,454",141,560271.74
Husein Augar,India,70% Dark Bites,09-May-22,"$6,454",157,560271.74
Dennison Crosswaite,New Zealand,Mint Chip Choco,05-Apr-22,"$6,454",417,560271.74
Kelci Walkden,USA,Drinking Coco,26-Jul-22,"$6,454",160,560271.74
Barr Faughny,New Zealand,Mint Chip Choco,21-Feb-22,"$6,440",145,559056.4
Oby Sorrel,USA,Almond Choco,19-May-22,"$6,440",141,559056.4
Husein Augar,New Zealand,After Nines,04-Aug-22,"$6,433",7,558448.73
Van Tuxwell,India,Almond Choco,14-Jun-22,"$6,426",390,557841.06
Wilone O'Kielt,New Zealand,Fruit & Nut Bars,11-Jul-22,"$6,426",98,557841.06
Mallorie Waber,UK,Mint Chip Choco,29-Jun-22,"$6,384",2,554195.04
Camilla Castle,Australia,Raspberry Choco,23-Aug-22,"$6,342",178,550549.02
Van Tuxwell,Canada,Peanut Butter Cubes,24-Jun-22,"$6,342",282,550549.02
Mallorie Waber,USA,Eclairs,22-Mar-22,"$6,328",51,549333.68
Karlen McCaffrey,Canada,Spicy Special Slims,02-Aug-22,"$6,328",47,549333.68
Brien Boise,India,Raspberry Choco,30-May-22,"$6,328",164,549333.68
Madelene Upcott,Australia,Raspberry Choco,13-Jul-22,"$6,321",88,548726.01
Andria Kimpton,India,Spicy Special Slims,23-Feb-22,"$6,307",142,547510.67
Van Tuxwell,USA,Fruit & Nut Bars,05-Jul-22,"$6,279",235,545079.99
Kaine Padly,UK,Peanut Butter Cubes,11-May-22,"$6,272",86,544472.32
Roddy Speechley,Canada,Eclairs,08-Mar-22,"$6,237",88,541433.97
Barr Faughny,Canada,Drinking Coco,18-Apr-22,"$6,237",247,541433.97
Brien Boise,Australia,Spicy Special Slims,09-May-22,"$6,223",256,540218.63
Oby Sorrel,UK,70% Dark Bites,16-Mar-22,"$6,223",181,540218.63
Dennison Crosswaite,UK,Eclairs,24-Mar-22,"$6,188",270,537180.28
Kelci Walkden,USA,50% Dark Bites,23-Mar-22,"$6,188",223,537180.28
Oby Sorrel,India,Organic Choco Syrup,08-Jul-22,"$6,181",56,536572.61
Van Tuxwell,India,Spicy Special Slims,11-Apr-22,"$6,167",4,535357.27
Beverie Moffet,Canada,85% Dark Bars,16-Feb-22,"$6,139",45,532926.59
Oby Sorrel,Canada,Eclairs,19-May-22,"$6,111",591,530495.91
Karlen McCaffrey,India,Almond Choco,06-Jul-22,"$6,090",149,528672.9
Karlen McCaffrey,New Zealand,85% Dark Bars,28-Jun-22,"$6,069",55,526849.89
Marney O'Breen,USA,Raspberry Choco,23-May-22,"$6,069",151,526849.89
Beverie Moffet,India,Drinking Coco,15-Jul-22,"$6,055",46,525634.55
Dotty Strutley,Australia,White Choc,05-Jul-22,"$6,055",93,525634.55
Kaine Padly,Canada,Almond Choco,12-Aug-22,"$6,055",73,525634.55
Camilla Castle,Australia,70% Dark Bites,29-Apr-22,"$6,048",477,525026.88
Oby Sorrel,Australia,Almond Choco,15-Feb-22,"$6,034",223,523811.54
Brien Boise,USA,Orange Choco,28-Jan-22,"$6,020",147,522596.2
Gunar Cockshoot,Australia,Fruit & Nut Bars,15-Jun-22,"$6,013",21,521988.53
Brien Boise,New Zealand,Baker's Choco Chips,12-Jul-22,"$5,978",24,518950.18
Brien Boise,India,Smooth Sliky Salty,27-May-22,"$5,964",26,517734.84
Van Tuxwell,Australia,Caramel Stuffed Bars,17-May-22,"$5,936",59,515304.16
Kelci Walkden,UK,Smooth Sliky Salty,19-Jan-22,"$5,929",175,514696.49
Camilla Castle,USA,50% Dark Bites,23-Jun-22,"$5,908",301,512873.48
Jan Morforth,Canada,70% Dark Bites,14-Feb-22,"$5,894",305,511658.14
Roddy Speechley,Canada,White Choc,05-Apr-22,"$5,887",268,511050.47
Roddy Speechley,Canada,Choco Coated Almonds,11-May-22,"$5,873",249,509835.13
Dennison Crosswaite,Australia,70% Dark Bites,07-Feb-22,"$5,859",108,508619.79
Curtice Advani,Canada,Choco Coated Almonds,18-Aug-22,"$5,859",7,508619.79
Gunar Cockshoot,USA,Fruit & Nut Bars,09-Mar-22,"$5,852",93,508012.12
Dotty Strutley,New Zealand,Raspberry Choco,10-Feb-22,"$5,845",91,507404.45
Kaine Padly,Canada,After Nines,22-Aug-22,"$5,845",172,507404.45
Marney O'Breen,Australia,Baker's Choco Chips,13-Jan-22,"$5,810",101,504366.1
Van Tuxwell,UK,Drinking Coco,04-Apr-22,"$5,803",136,503758.43
Curtice Advani,Australia,Eclairs,25-Mar-22,"$5,796",55,503150.76
Gigi Bohling,UK,Drinking Coco,30-Jun-22,"$5,782",42,501935.42
Gigi Bohling,Canada,Fruit & Nut Bars,14-Jun-22,"$5,782",103,501935.42
Dennison Crosswaite,Australia,Organic Choco Syrup,10-May-22,"$5,775",41,501327.75
Gunar Cockshoot,UK,Choco Coated Almonds,30-Jun-22,"$5,775",135,501327.75
Gigi Bohling,Australia,Smooth Sliky Salty,25-Jan-22,"$5,768",119,500720.08
Dotty Strutley,UK,Caramel Stuffed Bars,10-Aug-22,"$5,768",235,500720.08
Brien Boise,UK,Drinking Coco,27-Jan-22,"$5,754",133,499504.74
Brien Boise,India,After Nines,16-Jun-22,"$5,747",45,498897.07
Dennison Crosswaite,Australia,Raspberry Choco,14-Mar-22,"$5,740",31,498289.4
Dotty Strutley,New Zealand,Choco Coated Almonds,04-Jan-22,"$5,733",348,497681.73
Van Tuxwell,India,Choco Coated Almonds,13-Apr-22,"$5,733",114,497681.73
Ches Bonnell,New Zealand,After Nines,23-Jun-22,"$5,705",350,495251.05
Jehu Rudeforth,Australia,Peanut Butter Cubes,24-Jun-22,"$5,691",38,494035.71
Roddy Speechley,UK,Peanut Butter Cubes,17-Aug-22,"$5,691",171,494035.71
Brien Boise,Canada,Smooth Sliky Salty,13-May-22,"$5,691",495,494035.71
Oby Sorrel,USA,Spicy Special Slims,07-Feb-22,"$5,691",417,494035.71
Kaine Padly,Canada,Organic Choco Syrup,29-Mar-22,"$5,684",81,493428.04
Madelene Upcott,New Zealand,Fruit & Nut Bars,18-Jan-22,"$5,677",21,492820.37
Gigi Bohling,New Zealand,50% Dark Bites,29-Jun-22,"$5,670",64,492212.7
Ches Bonnell,UK,Smooth Sliky Salty,11-Jul-22,"$5,663",110,491605.03
Oby Sorrel,India,Eclairs,25-Aug-22,"$5,663",322,491605.03
Gigi Bohling,UK,Almond Choco,10-Jan-22,"$5,642",9,489782.02
Madelene Upcott,USA,Baker's Choco Chips,22-Aug-22,"$5,621",140,487959.01
Kaine Padly,India,Spicy Special Slims,31-Aug-22,"$5,614",137,487351.34
Gigi Bohling,New Zealand,After Nines,21-Jan-22,"$5,600",181,486136.0
Kaine Padly,USA,Caramel Stuffed Bars,21-Jul-22,"$5,593",122,485528.33
Madelene Upcott,Australia,Fruit & Nut Bars,05-Jan-22,"$5,579",92,484312.99
Jehu Rudeforth,UK,70% Dark Bites,14-Apr-22,"$5,565",258,483097.65
Barr Faughny,New Zealand,Almond Choco,13-Jan-22,"$5,558",127,482489.98
Gigi Bohling,Australia,White Choc,11-May-22,"$5,523",87,479451.63
Roddy Speechley,USA,Fruit & Nut Bars,14-Jun-22,"$5,509",24,478236.29
Brien Boise,New Zealand,White Choc,15-Jun-22,"$5,509",321,478236.29
Mallorie Waber,UK,50% Dark Bites,21-Feb-22,"$5,502",99,477628.62
Jehu Rudeforth,UK,85% Dark Bars,07-Jul-22,"$5,502",64,477628.62
Barr Faughny,UK,Raspberry Choco,22-Aug-22,"$5,481",69,475805.61
Barr Faughny,New Zealand,Manuka Honey Choco,24-Feb-22,"$5,474",239,475197.94
Van Tuxwell,UK,Eclairs,29-Jun-22,"$5,474",109,475197.94
Jehu Rudeforth,Canada,Smooth Sliky Salty,11-Jul-22,"$5,460",138,473982.6
Kaine Padly,Australia,Peanut Butter Cubes,25-Mar-22,"$5,460",286,473982.6
Roddy Speechley,New Zealand,Milk Bars,02-Mar-22,"$5,446",116,472767.26
Madelene Upcott,USA,Choco Coated Almonds,07-Jun-22,"$5,446",132,472767.26
Mallorie Waber,Australia,Spicy Special Slims,29-Jun-22,"$5,439",287,472159.59
Mallorie Waber,USA,Manuka Honey Choco,04-Jul-22,"$5,425",96,470944.25
Curtice Advani,New Zealand,85% Dark Bars,12-May-22,"$5,404",187,469121.24
Madelene Upcott,UK,70% Dark Bites,16-Feb-22,"$5,397",239,468513.57
Van Tuxwell,India,Smooth Sliky Salty,06-Jun-22,"$5,376",38,466690.56
Kelci Walkden,India,Eclairs,19-Apr-22,"$5,334",80,463044.54
Karlen McCaffrey,New Zealand,Caramel Stuffed Bars,31-Jan-22,"$5,334",227,463044.54
Ches Bonnell,Canada,Spicy Special Slims,05-Aug-22,"$5,327",183,462436.87
Jehu Rudeforth,UK,Mint Chip Choco,04-Jan-22,"$5,320",180,461829.2
Roddy Speechley,New Zealand,Baker's Choco Chips,22-Feb-22,"$5,313",215,461221.53
Brien Boise,UK,White Choc,12-Apr-22,"$5,299",167,460006.19
Dotty Strutley,USA,Mint Chip Choco,21-Feb-22,"$5,292",248,459398.52
Beverie Moffet,USA,White Choc,11-Mar-22,"$5,292",134,459398.52
Ches Bonnell,USA,White Choc,11-Feb-22,"$5,271",341,457575.51
Jan Morforth,UK,50% Dark Bites,12-Jan-22,"$5,250",293,455752.5
Jehu Rudeforth,Australia,After Nines,14-Feb-22,"$5,250",47,455752.5
Curtice Advani,India,Fruit & Nut Bars,07-Jul-22,"$5,243",176,455144.83
Van Tuxwell,New Zealand,Eclairs,01-Mar-22,"$5,229",182,453929.49
Jan Morforth,Australia,70% Dark Bites,04-Mar-22,"$5,222",384,453321.82
Jehu Rudeforth,Australia,50% Dark Bites,14-Jan-22,"$5,194",418,450891.14
Curtice Advani,USA,Drinking Coco,07-Feb-22,"$5,187",142,450283.47
Kelci Walkden,USA,Almond Choco,27-Jan-22,"$5,180",233,449675.8
Gunar Cockshoot,New Zealand,Almond Choco,05-Jan-22,"$5,173",129,449068.13
Madelene Upcott,New Zealand,Peanut Butter Cubes,28-Jan-22,"$5,152",333,447245.12
Husein Augar,Canada,70% Dark Bites,31-Jan-22,"$5,131",285,445422.11
Brien Boise,Australia,Choco Coated Almonds,25-May-22,"$5,124",62,444814.44
Roddy Speechley,India,Smooth Sliky Salty,10-Aug-22,"$5,103",140,442991.43
Van Tuxwell,India,50% Dark Bites,13-May-22,"$5,103",129,442991.43
Rafaelita Blaksland,Canada,99% Dark & Pure,02-Mar-22,"$5,096",142,442383.76
Mallorie Waber,New Zealand,Organic Choco Syrup,01-Jul-22,"$5,075",256,440560.75
Karlen McCaffrey,India,70% Dark Bites,23-May-22,"$5,075",344,440560.75
Dennison Crosswaite,New Zealand,Manuka Honey Choco,15-Jun-22,"$5,061",301,439345.41
Brien Boise,Canada,Mint Chip Choco,28-Jan-22,"$5,033",178,436914.73
Karlen McCaffrey,New Zealand,Baker's Choco Chips,05-Apr-22,"$5,012",189,435091.72
Wilone O'Kielt,USA,Milk Bars,15-Jul-22,"$5,012",93,435091.72
Jehu Rudeforth,Australia,Spicy Special Slims,13-Jan-22,"$5,012",384,435091.72
Wilone O'Kielt,Canada,Smooth Sliky Salty,02-Jun-22,"$4,991",166,433268.71
Camilla Castle,UK,Mint Chip Choco,26-May-22,"$4,977",317,432053.37
Husein Augar,India,Eclairs,09-Feb-22,"$4,956",58,430230.36
Andria Kimpton,New Zealand,Organic Choco Syrup,04-Mar-22,"$4,935",39,428407.35
Gigi Bohling,India,Manuka Honey Choco,12-May-22,"$4,935",73,428407.35
Curtice Advani,Canada,Peanut Butter Cubes,19-May-22,"$4,935",63,428407.35
Marney O'Breen,New Zealand,Eclairs,18-Jan-22,"$4,914",31,426584.34
Van Tuxwell,Canada,Drinking Coco,15-Jun-22,"$4,900",709,425369.0
Kelci Walkden,Australia,Almond Choco,30-May-22,"$4,879",350,423545.99
Brien Boise,Australia,White Choc,25-Aug-22,"$4,879",22,423545.99
Camilla Castle,UK,Peanut Butter Cubes,19-Jul-22,"$4,872",126,422938.32
Curtice Advani,Canada,Almond Choco,24-Mar-22,"$4,865",70,422330.65
Wilone O'Kielt,UK,Organic Choco Syrup,12-Jul-22,"$4,858",52,421722.98
Andria Kimpton,Canada,Manuka Honey Choco,21-Jul-22,"$4,858",488,421722.98
Roddy Speechley,New Zealand,85% Dark Bars,14-Apr-22,"$4,844",275,420507.64
Mallorie Waber,Canada,Caramel Stuffed Bars,10-Jun-22,"$4,844",539,420507.64
Kelci Walkden,Canada,99% Dark & Pure,15-Aug-22,"$4,830",50,419292.3
Kelci Walkden,USA,Fruit & Nut Bars,17-Feb-22,"$4,816",145,418076.96
Curtice Advani,USA,Mint Chip Choco,24-Aug-22,"$4,802",296,416861.62
Karlen McCaffrey,India,Drinking Coco,31-May-22,"$4,795",233,416253.95
Mallorie Waber,Canada,Choco Coated Almonds,11-Jul-22,"$4,781",241,415038.61
Madelene Upcott,India,Organic Choco Syrup,26-Jan-22,"$4,781",38,415038.61
Brien Boise,Canada,Almond Choco,13-Apr-22,"$4,781",125,415038.61
Jan Morforth,India,85% Dark Bars,25-May-22,"$4,760",418,413215.6
Marney O'Breen,USA,After Nines,30-May-22,"$4,753",163,412607.93
Karlen McCaffrey,UK,Baker's Choco Chips,07-Feb-22,"$4,753",389,412607.93
Marney O'Breen,India,Fruit & Nut Bars,13-Apr-22,"$4,753",151,412607.93
Camilla Castle,New Zealand,Raspberry Choco,04-Apr-22,"$4,746",137,412000.26
Rafaelita Blaksland,India,After Nines,02-Mar-22,"$4,739",204,411392.59
Van Tuxwell,UK,99% Dark & Pure,31-Jan-22,"$4,725",137,410177.25
Rafaelita Blaksland,UK,Smooth Sliky Salty,13-Jan-22,"$4,704",62,408354.24
Rafaelita Blaksland,USA,White Choc,16-Aug-22,"$4,704",126,408354.24
Husein Augar,UK,Spicy Special Slims,25-Aug-22,"$4,697",42,407746.57
Brien Boise,New Zealand,Eclairs,11-Jul-22,"$4,690",299,407138.9
Curtice Advani,Australia,99% Dark & Pure,07-Jan-22,"$4,676",84,405923.56
Camilla Castle,Australia,99% Dark & Pure,18-Jan-22,"$4,669",101,405315.89
Brien Boise,India,70% Dark Bites,14-Apr-22,"$4,641",413,402885.21
Jehu Rudeforth,Canada,White Choc,25-Jan-22,"$4,627",136,401669.87
Kelci Walkden,UK,Eclairs,25-Jan-22,"$4,606",57,399846.86
Oby Sorrel,UK,Raspberry Choco,08-Apr-22,"$4,599",323,399239.19
Karlen McCaffrey,USA,White Choc,24-Aug-22,"$4,592",2,398631.52
Madelene Upcott,USA,After Nines,15-Mar-22,"$4,571",430,396808.51
Ches Bonnell,USA,70% Dark Bites,11-May-22,"$4,571",122,396808.51
Dennison Crosswaite,New Zealand,Orange Choco,16-Mar-22,"$4,571",140,396808.51
Barr Faughny,New Zealand,50% Dark Bites,23-Jun-22,"$4,557",308,395593.17
Oby Sorrel,New Zealand,Raspberry Choco,13-May-22,"$4,550",281,394985.5
Husein Augar,India,Peanut Butter Cubes,09-May-22,"$4,522",5,392554.82
Dennison Crosswaite,India,85% Dark Bars,30-Jun-22,"$4,515",22,391947.15
Jan Morforth,Canada,After Nines,13-Jul-22,"$4,515",172,391947.15
Camilla Castle,USA,Eclairs,10-Jun-22,"$4,515",392,391947.15
Gigi Bohling,India,Peanut Butter Cubes,07-Jul-22,"$4,501",91,390731.81
Wilone O'Kielt,USA,50% Dark Bites,18-Apr-22,"$4,501",131,390731.81
Oby Sorrel,New Zealand,Milk Bars,12-Jan-22,"$4,494",187,390124.14
Roddy Speechley,India,Drinking Coco,31-May-22,"$4,494",11,390124.14
Jan Morforth,India,Almond Choco,11-Mar-22,"$4,466",22,387693.46
Roddy Speechley,Australia,Almond Choco,24-Jun-22,"$4,466",74,387693.46
Andria Kimpton,Australia,50% Dark Bites,02-Jun-22,"$4,438",227,385262.78
Karlen McCaffrey,Australia,Spicy Special Slims,17-May-22,"$4,410",323,382832.1
Beverie Moffet,UK,Smooth Sliky Salty,04-May-22,"$4,403",76,382224.43
Kaine Padly,Australia,Mint Chip Choco,17-May-22,"$4,403",159,382224.43
Rafaelita Blaksland,Australia,Manuka Honey Choco,03-Aug-22,"$4,396",131,381616.76
Ches Bonnell,New Zealand,Milk Bars,17-Aug-22,"$4,389",126,381009.09
Karlen McCaffrey,USA,Milk Bars,27-Jan-22,"$4,389",7,381009.09
Roddy Speechley,India,Eclairs,10-Jun-22,"$4,382",303,380401.42
Jan Morforth,USA,Fruit & Nut Bars,27-Jun-22,"$4,382",361,380401.42
Marney O'Breen,India,Caramel Stuffed Bars,16-Mar-22,"$4,361",81,378578.41
Oby Sorrel,New Zealand,White Choc,10-Jun-22,"$4,361",40,378578.41
Beverie Moffet,New Zealand,Mint Chip Choco,09-Jun-22,"$4,361",97,378578.41
Husein Augar,India,Orange Choco,30-Jun-22,"$4,361",40,378578.41
Dotty Strutley,Canada,Raspberry Choco,03-Aug-22,"$4,347",238,377363.07
Husein Augar,India,Fruit & Nut Bars,04-Apr-22,"$4,340",226,376755.4
Oby Sorrel,USA,Manuka Honey Choco,25-Jul-22,"$4,340",86,376755.4
Husein Augar,UK,Choco Coated Almonds,02-Mar-22,"$4,333",43,376147.73
Karlen McCaffrey,New Zealand,Mint Chip Choco,02-Mar-22,"$4,326",61,375540.06
Madelene Upcott,Australia,99% Dark & Pure,01-Aug-22,"$4,326",154,375540.06
Roddy Speechley,New Zealand,50% Dark Bites,09-May-22,"$4,312",211,374324.72
Barr Faughny,Canada,White Choc,29-Mar-22,"$4,291",1,372501.71
Wilone O'Kielt,Australia,Manuka Honey Choco,11-May-22,"$4,284",94,371894.04
Jehu Rudeforth,UK,Choco Coated Almonds,22-Apr-22,"$4,270",185,370678.7
Van Tuxwell,UK,Milk Bars,25-Jul-22,"$4,263",90,370071.03
Brien Boise,Australia,Organic Choco Syrup,15-Jul-22,"$4,263",264,370071.03
Gunar Cockshoot,India,Mint Chip Choco,08-Aug-22,"$4,256",67,369463.36
Madelene Upcott,India,Raspberry Choco,07-Jul-22,"$4,221",9,366425.01
Ches Bonnell,UK,Manuka Honey Choco,30-May-22,"$4,221",395,366425.01
Mallorie Waber,Canada,Almond Choco,12-May-22,"$4,214",35,365817.34
Roddy Speechley,Australia,85% Dark Bars,08-Jul-22,"$4,200",80,364602.0
Curtice Advani,Canada,Fruit & Nut Bars,04-Apr-22,"$4,193",195,363994.33
Andria Kimpton,Australia,85% Dark Bars,23-Aug-22,"$4,186",233,363386.66
Wilone O'Kielt,India,Caramel Stuffed Bars,13-Jan-22,"$4,179",276,362778.99
Mallorie Waber,Australia,Smooth Sliky Salty,11-Feb-22,"$4,158",109,360955.98
Marney O'Breen,USA,99% Dark & Pure,28-Mar-22,"$4,151",296,360348.31
Camilla Castle,New Zealand,Caramel Stuffed Bars,17-Jun-22,"$4,137",347,359132.97
Ches Bonnell,Australia,Eclairs,05-Jul-22,"$4,116",128,357309.96
Dennison Crosswaite,New Zealand,Drinking Coco,11-Jan-22,"$4,109",197,356702.29
Kaine Padly,Australia,Almond Choco,22-Feb-22,"$4,102",392,356094.62
Curtice Advani,New Zealand,Spicy Special Slims,10-Jan-22,"$4,074",469,353663.94
Van Tuxwell,Canada,Organic Choco Syrup,14-Feb-22,"$4,067",42,353056.27
Andria Kimpton,Canada,White Choc,14-Feb-22,"$4,067",29,353056.27
Roddy Speechley,India,Orange Choco,27-Jun-22,"$4,053",19,351840.93
Van Tuxwell,New Zealand,Mint Chip Choco,27-Jun-22,"$4,046",103,351233.26
Kaine Padly,Australia,Milk Bars,09-Jun-22,"$4,046",89,351233.26
Roddy Speechley,Canada,Organic Choco Syrup,10-Jan-22,"$4,032",82,350017.92
Husein Augar,USA,Eclairs,07-Jul-22,"$4,025",112,349410.25
Kaine Padly,USA,70% Dark Bites,12-May-22,"$4,018",100,348802.58
Kelci Walkden,UK,85% Dark Bars,23-Jun-22,"$3,997",228,346979.57
Jehu Rudeforth,New Zealand,50% Dark Bites,20-Apr-22,"$3,990",59,346371.9
Roddy Speechley,USA,Eclairs,25-Apr-22,"$3,990",155,346371.9
Barr Faughny,New Zealand,Smooth Sliky Salty,25-Jan-22,"$3,990",169,346371.9
Rafaelita Blaksland,Australia,Smooth Sliky Salty,30-May-22,"$3,969",243,344548.89
Andria Kimpton,India,Organic Choco Syrup,18-Jan-22,"$3,955",134,343333.55
Mallorie Waber,India,Drinking Coco,07-Mar-22,"$3,948",142,342725.88
Oby Sorrel,Australia,Manuka Honey Choco,26-Jan-22,"$3,906",76,339079.86
Barr Faughny,UK,Milk Bars,02-Mar-22,"$3,864",430,335433.84
Jehu Rudeforth,Canada,Orange Choco,23-Jun-22,"$3,857",512,334826.17
Gunar Cockshoot,USA,Drinking Coco,09-May-22,"$3,843",5,333610.83
Madelene Upcott,India,Mint Chip Choco,24-Aug-22,"$3,836",71,333003.16
Wilone O'Kielt,New Zealand,Baker's Choco Chips,22-Apr-22,"$3,836",59,333003.16
Dotty Strutley,USA,99% Dark & Pure,09-Aug-22,"$3,822",320,331787.82
Jan Morforth,UK,Orange Choco,15-Jun-22,"$3,780",201,328141.8
Gunar Cockshoot,Australia,Almond Choco,25-Jan-22,"$3,752",424,325711.12
Gunar Cockshoot,India,Smooth Sliky Salty,02-Mar-22,"$3,752",70,325711.12
Marney O'Breen,Australia,Smooth Sliky Salty,03-Jan-22,"$3,745",170,325103.45
Gunar Cockshoot,USA,After Nines,15-Aug-22,"$3,738",261,324495.78
Wilone O'Kielt,New Zealand,Manuka Honey Choco,11-Jul-22,"$3,724",234,323280.44
Barr Faughny,UK,Mint Chip Choco,07-Jul-22,"$3,724",316,323280.44
Madelene Upcott,Australia,70% Dark Bites,15-Apr-22,"$3,710",260,322065.1
Barr Faughny,USA,Orange Choco,10-Mar-22,"$3,703",11,321457.43
Husein Augar,Canada,Eclairs,17-Jan-22,"$3,696",233,320849.76
Camilla Castle,Australia,85% Dark Bars,19-May-22,"$3,654",14,317203.74
Karlen McCaffrey,UK,50% Dark Bites,06-Apr-22,"$3,647",310,316596.07
Roddy Speechley,Australia,Organic Choco Syrup,04-Jul-22,"$3,647",76,316596.07
Kelci Walkden,UK,Orange Choco,01-Aug-22,"$3,640",3,315988.4
Kelci Walkden,India,70% Dark Bites,06-Jun-22,"$3,640",106,315988.4
Van Tuxwell,New Zealand,50% Dark Bites,11-Jul-22,"$3,626",10,314773.06
Gunar Cockshoot,UK,Eclairs,13-Apr-22,"$3,619",164,314165.39
Madelene Upcott,Canada,Milk Bars,26-Apr-22,"$3,612",82,313557.72
Oby Sorrel,Canada,99% Dark & Pure,01-Aug-22,"$3,605",403,312950.05
Dotty Strutley,Australia,Baker's Choco Chips,07-Jun-22,"$3,605",68,312950.05
Jehu Rudeforth,Canada,Manuka Honey Choco,05-Apr-22,"$3,584",200,311127.04
Van Tuxwell,UK,85% Dark Bars,11-Jul-22,"$3,577",134,310519.37
Beverie Moffet,India,Choco Coated Almonds,24-Feb-22,"$3,577",261,310519.37
Mallorie Waber,Canada,Orange Choco,23-Mar-22,"$3,577",178,310519.37
Oby Sorrel,USA,Smooth Sliky Salty,04-Mar-22,"$3,577",158,310519.37
Mallorie Waber,UK,Milk Bars,10-Jan-22,"$3,563",284,309304.03
Ches Bonnell,New Zealand,Spicy Special Slims,14-Feb-22,"$3,556",18,308696.36
Marney O'Breen,UK,Caramel Stuffed Bars,19-Jul-22,"$3,549",112,308088.69
Gigi Bohling,Canada,Drinking Coco,06-Jul-22,"$3,549",82,308088.69
Wilone O'Kielt,India,Eclairs,25-Feb-22,"$3,549",76,308088.69
Marney O'Breen,Canada,Spicy Special Slims,03-Jan-22,"$3,528",336,306265.68
Kelci Walkden,UK,99% Dark & Pure,12-Aug-22,"$3,507",114,304442.67
Husein Augar,UK,After Nines,05-Jul-22,"$3,507",380,304442.67
Madelene Upcott,India,Choco Coated Almonds,11-Feb-22,"$3,500",145,303835.0
Gigi Bohling,India,Eclairs,21-Jun-22,"$3,493",68,303227.33
Beverie Moffet,UK,99% Dark & Pure,10-Aug-22,"$3,486",121,302619.66
Karlen McCaffrey,Canada,Eclairs,20-Apr-22,"$3,479",358,302011.99
Curtice Advani,Australia,Organic Choco Syrup,28-Jun-22,"$3,472",311,301404.32
Jan Morforth,Australia,White Choc,27-Jul-22,"$3,472",32,301404.32
Jehu Rudeforth,India,50% Dark Bites,05-Jul-22,"$3,472",135,301404.32
Marney O'Breen,India,Eclairs,13-Jan-22,"$3,472",96,301404.32
Madelene Upcott,Canada,Choco Coated Almonds,20-Jul-22,"$3,458",294,300188.98
Curtice Advani,India,Milk Bars,05-Apr-22,"$3,437",201,298365.97
Wilone O'Kielt,Canada,Fruit & Nut Bars,08-Aug-22,"$3,437",181,298365.97
Dotty Strutley,USA,Raspberry Choco,03-Jan-22,"$3,437",46,298365.97
Mallorie Waber,UK,Drinking Coco,27-May-22,"$3,423",100,297150.63
Jan Morforth,Australia,50% Dark Bites,14-Jun-22,"$3,402",182,295327.62
Barr Faughny,Canada,Manuka Honey Choco,25-Aug-22,"$3,402",249,295327.62
Rafaelita Blaksland,India,Almond Choco,27-Jul-22,"$3,395",99,294719.95
Wilone O'Kielt,UK,Drinking Coco,18-May-22,"$3,388",55,294112.28
Jan Morforth,UK,Manuka Honey Choco,18-Aug-22,"$3,388",212,294112.28
Mallorie Waber,Canada,White Choc,03-Mar-22,"$3,381",72,293504.61
Husein Augar,Canada,Choco Coated Almonds,15-Aug-22,"$3,381",408,293504.61
Oby Sorrel,New Zealand,85% Dark Bars,01-Feb-22,"$3,381",417,293504.61
Andria Kimpton,New Zealand,50% Dark Bites,02-Mar-22,"$3,374",202,292896.94
Madelene Upcott,New Zealand,Caramel Stuffed Bars,01-Feb-22,"$3,374",151,292896.94
Curtice Advani,UK,50% Dark Bites,08-Mar-22,"$3,374",142,292896.94
Karlen McCaffrey,Canada,Caramel Stuffed Bars,02-Mar-22,"$3,346",304,290466.26
Camilla Castle,USA,Raspberry Choco,20-May-22,"$3,339",18,289858.59
Beverie Moffet,India,Spicy Special Slims,21-Apr-22,"$3,339",171,289858.59
Wilone O'Kielt,Australia,After Nines,27-May-22,"$3,325",26,288643.25
Barr Faughny,USA,Caramel Stuffed Bars,29-Mar-22,"$3,318",299,288035.58
Wilone O'Kielt,New Zealand,Eclairs,11-Mar-22,"$3,311",22,287427.91
Kelci Walkden,India,Almond Choco,14-Mar-22,"$3,297",149,286212.57
Kaine Padly,Canada,Peanut Butter Cubes,04-Jul-22,"$3,269",176,283781.89
Ches Bonnell,UK,White Choc,03-Jan-22,"$3,269",226,283781.89
Curtice Advani,New Zealand,Mint Chip Choco,26-Jan-22,"$3,220",265,279528.2
Van Tuxwell,Canada,Almond Choco,27-Jun-22,"$3,213",72,278920.53
Jan Morforth,Australia,Orange Choco,04-Jul-22,"$3,199",122,277705.19
Beverie Moffet,Australia,Baker's Choco Chips,04-Aug-22,"$3,192",109,277097.52
Andria Kimpton,Australia,Almond Choco,25-Apr-22,"$3,192",175,277097.52
Kelci Walkden,Australia,99% Dark & Pure,30-Jun-22,"$3,185",34,276489.85
Camilla Castle,Australia,Caramel Stuffed Bars,02-May-22,"$3,178",16,275882.18
Mallorie Waber,New Zealand,White Choc,25-Feb-22,"$3,171",246,275274.51
Husein Augar,Australia,White Choc,11-May-22,"$3,171",220,275274.51
Kaine Padly,Canada,Choco Coated Almonds,18-May-22,"$3,164",164,274666.84
Rafaelita Blaksland,New Zealand,99% Dark & Pure,25-Mar-22,"$3,164",84,274666.84
Kaine Padly,UK,50% Dark Bites,21-Feb-22,"$3,143",67,272843.83
Ches Bonnell,Australia,70% Dark Bites,12-Jan-22,"$3,136",125,272236.16
Karlen McCaffrey,India,Orange Choco,27-Jun-22,"$3,122",149,271020.82
Van Tuxwell,New Zealand,Smooth Sliky Salty,14-Jun-22,"$3,115",42,270413.15
Dotty Strutley,Australia,50% Dark Bites,12-May-22,"$3,108",252,269805.48
Karlen McCaffrey,Canada,Peanut Butter Cubes,12-Aug-22,"$3,094",159,268590.14
Jan Morforth,UK,Caramel Stuffed Bars,02-Aug-22,"$3,094",468,268590.14
Husein Augar,Australia,99% Dark & Pure,26-Aug-22,"$3,087",128,267982.47
Gunar Cockshoot,Australia,After Nines,24-Mar-22,"$3,080",73,267374.8
Kelci Walkden,Canada,Baker's Choco Chips,26-May-22,"$3,073",302,266767.13
Beverie Moffet,India,Almond Choco,24-May-22,"$3,066",96,266159.46
Van Tuxwell,India,Baker's Choco Chips,20-Jun-22,"$3,052",447,264944.12
Gigi Bohling,Canada,Milk Bars,10-Feb-22,"$3,052",116,264944.12
Husein Augar,UK,Baker's Choco Chips,29-Apr-22,"$3,038",135,263728.78
Gunar Cockshoot,Canada,50% Dark Bites,04-Jan-22,"$3,024",23,262513.44
Roddy Speechley,USA,Smooth Sliky Salty,05-Apr-22,"$3,017",140,261905.77
Karlen McCaffrey,Canada,Smooth Sliky Salty,19-Jan-22,"$3,017",184,261905.77
Rafaelita Blaksland,Australia,50% Dark Bites,22-Mar-22,"$3,010",40,261298.1
Beverie Moffet,UK,Choco Coated Almonds,04-Mar-22,"$3,010",69,261298.1
Husein Augar,UK,Drinking Coco,14-Mar-22,"$3,003",113,260690.43
Roddy Speechley,USA,Drinking Coco,21-Feb-22,"$3,003",155,260690.43
Curtice Advani,USA,Raspberry Choco,15-Mar-22,"$2,996",139,260082.76
Van Tuxwell,New Zealand,Fruit & Nut Bars,17-Jan-22,"$2,996",88,260082.76
Marney O'Breen,UK,50% Dark Bites,14-Jun-22,"$2,989",124,259475.09
Dennison Crosswaite,India,Smooth Sliky Salty,07-Jul-22,"$2,975",9,258259.75
Wilone O'Kielt,Australia,Baker's Choco Chips,25-Jan-22,"$2,961",154,257044.41
Barr Faughny,Australia,Caramel Stuffed Bars,29-Jul-22,"$2,933",55,254613.73
Wilone O'Kielt,India,Choco Coated Almonds,22-Aug-22,"$2,933",233,254613.73
Ches Bonnell,UK,Caramel Stuffed Bars,02-Jun-22,"$2,926",300,254006.06
Karlen McCaffrey,Canada,50% Dark Bites,15-Jul-22,"$2,919",65,253398.39
Jan Morforth,India,Fruit & Nut Bars,04-May-22,"$2,912",55,252790.72
Curtice Advani,Australia,Almond Choco,13-Jul-22,"$2,912",75,252790.72
Kelci Walkden,New Zealand,Baker's Choco Chips,23-Jun-22,"$2,912",110,252790.72
Kaine Padly,India,Milk Bars,02-May-22,"$2,905",91,252183.05
Dotty Strutley,USA,Fruit & Nut Bars,13-Jul-22,"$2,898",276,251575.38
Kelci Walkden,India,Mint Chip Choco,28-Jul-22,"$2,870",120,249144.7
Rafaelita Blaksland,USA,Baker's Choco Chips,09-Jun-22,"$2,863",58,248537.03
Brien Boise,Australia,99% Dark & Pure,04-Jul-22,"$2,835",102,246106.35
Gigi Bohling,USA,Fruit & Nut Bars,24-May-22,"$2,821",112,244891.01
Jan Morforth,Australia,Drinking Coco,18-Feb-22,"$2,821",24,244891.01
Gigi Bohling,Australia,Drinking Coco,27-Jul-22,"$2,807",139,243675.67
Roddy Speechley,USA,Milk Bars,16-May-22,"$2,807",252,243675.67
Jehu Rudeforth,New Zealand,White Choc,11-Mar-22,"$2,800",241,243068.0
Brien Boise,Canada,Raspberry Choco,14-Jun-22,"$2,800",45,243068.0
Rafaelita Blaksland,Australia,Baker's Choco Chips,22-Aug-22,"$2,786",51,241852.66
Mallorie Waber,Australia,Milk Bars,29-Jul-22,"$2,779",104,241244.99
Kaine Padly,Australia,Manuka Honey Choco,12-Jan-22,"$2,765",264,240029.65
Dennison Crosswaite,Australia,99% Dark & Pure,31-Jan-22,"$2,758",18,239421.98
Madelene Upcott,Australia,Mint Chip Choco,02-May-22,"$2,751",153,238814.31
Gunar Cockshoot,Canada,After Nines,04-Aug-22,"$2,744",200,238206.64
Roddy Speechley,New Zealand,Almond Choco,28-Mar-22,"$2,723",67,236383.63
Marney O'Breen,Canada,Orange Choco,14-Jan-22,"$2,723",425,236383.63
Dennison Crosswaite,Canada,Drinking Coco,10-Jan-22,"$2,702",24,234560.62
Ches Bonnell,UK,Mint Chip Choco,08-Apr-22,"$2,688",209,233345.28
Brien Boise,UK,Caramel Stuffed Bars,04-Mar-22,"$2,681",149,232737.61
Van Tuxwell,Australia,Mint Chip Choco,13-Jan-22,"$2,674",295,232129.94
Curtice Advani,Canada,Smooth Sliky Salty,01-Aug-22,"$2,660",12,230914.6
Andria Kimpton,UK,50% Dark Bites,24-Aug-22,"$2,653",314,230306.93
Marney O'Breen,India,After Nines,11-Jul-22,"$2,639",179,229091.59
Marney O'Breen,Canada,Choco Coated Almonds,22-Aug-22,"$2,639",406,229091.59
Mallorie Waber,USA,85% Dark Bars,11-May-22,"$2,632",108,228483.92
Jehu Rudeforth,Australia,Drinking Coco,14-Jan-22,"$2,611",65,226660.91
Rafaelita Blaksland,USA,Fruit & Nut Bars,18-Jan-22,"$2,604",65,226053.24
Karlen McCaffrey,New Zealand,Eclairs,06-May-22,"$2,597",177,225445.57
Gigi Bohling,India,Raspberry Choco,22-Feb-22,"$2,583",159,224230.23
Gigi Bohling,USA,Smooth Sliky Salty,22-Jul-22,"$2,583",126,224230.23
Roddy Speechley,India,After Nines,22-Jun-22,"$2,576",112,223622.56
Jan Morforth,India,Eclairs,05-Jan-22,"$2,541",27,220584.21
Mallorie Waber,Australia,85% Dark Bars,26-Aug-22,"$2,541",53,220584.21
Jan Morforth,India,Choco Coated Almonds,12-Aug-22,"$2,541",134,220584.21
Jehu Rudeforth,USA,99% Dark & Pure,04-Jan-22,"$2,534",219,219976.54
Dennison Crosswaite,Canada,Spicy Special Slims,10-Aug-22,"$2,527",216,219368.87
Rafaelita Blaksland,Canada,Spicy Special Slims,02-May-22,"$2,520",156,218761.2
Beverie Moffet,UK,Almond Choco,16-May-22,"$2,506",100,217545.86
Beverie Moffet,UK,50% Dark Bites,09-Feb-22,"$2,499",271,216938.19
Husein Augar,India,Spicy Special Slims,22-Aug-22,"$2,492",33,216330.52
Jehu Rudeforth,UK,Baker's Choco Chips,16-May-22,"$2,485",97,215722.85
Jehu Rudeforth,New Zealand,Milk Bars,18-May-22,"$2,478",188,215115.18
Gunar Cockshoot,India,Caramel Stuffed Bars,28-Jul-22,"$2,471",202,214507.51
Marney O'Breen,Australia,Milk Bars,28-Jul-22,"$2,464",387,213899.84
Kelci Walkden,India,Smooth Sliky Salty,01-Feb-22,"$2,464",8,213899.84
Beverie Moffet,USA,50% Dark Bites,28-Jul-22,"$2,450",352,212684.5
Karlen McCaffrey,India,Manuka Honey Choco,04-Jul-22,"$2,443",581,212076.83
Van Tuxwell,UK,Baker's Choco Chips,24-Mar-22,"$2,443",20,212076.83
Dotty Strutley,UK,Mint Chip Choco,14-Jul-22,"$2,443",216,212076.83
Marney O'Breen,Canada,Milk Bars,08-Feb-22,"$2,436",309,211469.16
Karlen McCaffrey,Canada,Organic Choco Syrup,15-Jul-22,"$2,415",312,209646.15
Ches Bonnell,USA,Milk Bars,21-Jul-22,"$2,408",157,209038.48
Camilla Castle,USA,85% Dark Bars,25-Apr-22,"$2,401",78,208430.81
Beverie Moffet,New Zealand,Smooth Sliky Salty,19-May-22,"$2,387",59,207215.47
Kaine Padly,USA,Organic Choco Syrup,11-Mar-22,"$2,380",22,206607.8
Andria Kimpton,USA,Spicy Special Slims,23-May-22,"$2,366",5,205392.46
Brien Boise,UK,Spicy Special Slims,25-May-22,"$2,352",58,204177.12
Oby Sorrel,UK,After Nines,18-Jul-22,"$2,345",104,203569.45
Gunar Cockshoot,USA,Organic Choco Syrup,10-Aug-22,"$2,331",321,202354.11
Gunar Cockshoot,Australia,Drinking Coco,14-Jan-22,"$2,317",195,201138.77
Beverie Moffet,USA,Smooth Sliky Salty,24-Mar-22,"$2,317",352,201138.77
Van Tuxwell,USA,Manuka Honey Choco,31-May-22,"$2,317",102,201138.77
Kaine Padly,UK,Drinking Coco,27-Jan-22,"$2,317",224,201138.77
Dennison Crosswaite,USA,Caramel Stuffed Bars,11-Jul-22,"$2,317",464,201138.77
Karlen McCaffrey,Australia,After Nines,11-Aug-22,"$2,303",67,199923.43
Curtice Advani,Canada,70% Dark Bites,31-Jan-22,"$2,303",7,199923.43
Barr Faughny,Australia,Organic Choco Syrup,07-Jan-22,"$2,303",33,199923.43
Kelci Walkden,India,99% Dark & Pure,28-Jun-22,"$2,303",244,199923.43
Gigi Bohling,USA,50% Dark Bites,13-Apr-22,"$2,296",59,199315.76
Kaine Padly,UK,Organic Choco Syrup,31-Mar-22,"$2,282",178,198100.42
Curtice Advani,India,70% Dark Bites,05-Jul-22,"$2,282",44,198100.42
Van Tuxwell,Canada,Choco Coated Almonds,19-Aug-22,"$2,282",296,198100.42
Dennison Crosswaite,UK,Baker's Choco Chips,17-Jan-22,"$2,275",275,197492.75
Beverie Moffet,USA,70% Dark Bites,27-Jun-22,"$2,275",115,197492.75
Camilla Castle,New Zealand,99% Dark & Pure,26-Aug-22,"$2,268",42,196885.08
Beverie Moffet,Australia,White Choc,27-Jun-22,"$2,240",166,194454.4
Wilone O'Kielt,Australia,Smooth Sliky Salty,04-Jan-22,"$2,226",46,193239.06
Barr Faughny,India,Drinking Coco,28-Jan-22,"$2,219",142,192631.39
Marney O'Breen,India,85% Dark Bars,19-Jul-22,"$2,205",179,191416.05
Dennison Crosswaite,USA,Drinking Coco,10-May-22,"$2,191",138,190200.71
Gunar Cockshoot,India,Baker's Choco Chips,18-Mar-22,"$2,191",524,190200.71
Brien Boise,India,Almond Choco,13-Jan-22,"$2,170",218,188377.7
Andria Kimpton,Canada,After Nines,11-May-22,"$2,163",70,187770.03
Ches Bonnell,UK,Peanut Butter Cubes,15-Apr-22,"$2,156",260,187162.36
Andria Kimpton,India,Eclairs,16-May-22,"$2,149",84,186554.69
Gunar Cockshoot,UK,50% Dark Bites,13-Jan-22,"$2,107",121,182908.67
Kaine Padly,USA,Spicy Special Slims,13-Jun-22,"$2,107",175,182908.67
Barr Faughny,Canada,Peanut Butter Cubes,07-Jun-22,"$2,100",78,182301.0
Barr Faughny,New Zealand,85% Dark Bars,23-May-22,"$2,100",157,182301.0
Rafaelita Blaksland,New Zealand,Choco Coated Almonds,07-Jun-22,"$2,093",45,181693.33
Jehu Rudeforth,India,Baker's Choco Chips,06-Jun-22,"$2,086",74,181085.66
Dotty Strutley,India,Eclairs,28-Jul-22,"$2,086",384,181085.66
Madelene Upcott,Australia,Choco Coated Almonds,08-Apr-22,"$2,058",72,178654.98
Gunar Cockshoot,Canada,Raspberry Choco,23-Jun-22,"$2,058",126,178654.98
Husein Augar,New Zealand,Peanut Butter Cubes,16-Feb-22,"$2,058",236,178654.98
Dennison Crosswaite,USA,Eclairs,25-May-22,"$2,044",90,177439.64
Wilone O'Kielt,Australia,Caramel Stuffed Bars,14-Apr-22,"$2,030",11,176224.3
Husein Augar,USA,White Choc,13-Jul-22,"$2,030",60,176224.3
Dotty Strutley,New Zealand,Orange Choco,04-Aug-22,"$2,030",146,176224.3
Wilone O'Kielt,New Zealand,Organic Choco Syrup,31-Jan-22,"$2,016",277,175008.96
Van Tuxwell,UK,Organic Choco Syrup,26-Aug-22,"$2,002",214,173793.62
Brien Boise,Australia,Milk Bars,27-Jul-22,"$1,981",52,171970.61
Kaine Padly,UK,Orange Choco,29-Jun-22,"$1,960",191,170147.6
Jehu Rudeforth,India,99% Dark & Pure,25-Feb-22,"$1,953",242,169539.93
Jehu Rudeforth,UK,After Nines,27-Jun-22,"$1,946",164,168932.26
Jan Morforth,India,Spicy Special Slims,12-Apr-22,"$1,939",520,168324.59
Mallorie Waber,Canada,Smooth Sliky Salty,21-Mar-22,"$1,939",98,168324.59
Brien Boise,USA,Manuka Honey Choco,22-Aug-22,"$1,904",8,165286.24
Van Tuxwell,India,White Choc,15-Mar-22,"$1,897",44,164678.57
Ches Bonnell,Canada,Eclairs,10-Jan-22,"$1,876",172,162855.56
Beverie Moffet,India,Milk Bars,15-Apr-22,"$1,869",323,162247.89
Oby Sorrel,Canada,Fruit & Nut Bars,14-Jan-22,"$1,869",158,162247.89
Jehu Rudeforth,UK,White Choc,29-Jun-22,"$1,862",284,161640.22
Jehu Rudeforth,Canada,Spicy Special Slims,13-Jan-22,"$1,848",27,160424.88
Gigi Bohling,USA,After Nines,14-Jan-22,"$1,848",227,160424.88
Beverie Moffet,Australia,Eclairs,20-Jun-22,"$1,827",6,158601.87
Wilone O'Kielt,New Zealand,85% Dark Bars,02-Aug-22,"$1,827",117,158601.87
Beverie Moffet,India,White Choc,04-Jul-22,"$1,813",296,157386.53
Jan Morforth,New Zealand,Organic Choco Syrup,02-Mar-22,"$1,799",207,156171.19
Kelci Walkden,UK,Drinking Coco,20-Apr-22,"$1,792",23,155563.52
Oby Sorrel,Canada,Raspberry Choco,16-Jun-22,"$1,750",208,151917.5
Dennison Crosswaite,Canada,Smooth Sliky Salty,17-Mar-22,"$1,750",479,151917.5
Husein Augar,UK,Eclairs,30-Aug-22,"$1,750",252,151917.5
Wilone O'Kielt,Australia,Organic Choco Syrup,07-Jul-22,"$1,743",111,151309.83
Ches Bonnell,USA,Orange Choco,10-Jun-22,"$1,743",69,151309.83
Mallorie Waber,USA,50% Dark Bites,19-Apr-22,"$1,736",13,150702.16
Roddy Speechley,USA,Peanut Butter Cubes,25-Feb-22,"$1,736",137,150702.16
Oby Sorrel,USA,Milk Bars,14-Jun-22,"$1,736",79,150702.16
Kaine Padly,Canada,85% Dark Bars,06-Apr-22,"$1,729",31,150094.49
Van Tuxwell,New Zealand,85% Dark Bars,24-May-22,"$1,722",121,149486.82
Oby Sorrel,UK,White Choc,27-Jun-22,"$1,715",286,148879.15
Dennison Crosswaite,Canada,Mint Chip Choco,08-Apr-22,"$1,694",289,147056.14
Brien Boise,USA,70% Dark Bites,14-Apr-22,"$1,694",21,147056.14
Kelci Walkden,India,After Nines,07-Jan-22,"$1,687",520,146448.47
Barr Faughny,New Zealand,Fruit & Nut Bars,26-Apr-22,"$1,687",147,146448.47
Ches Bonnell,UK,Choco Coated Almonds,07-Jun-22,"$1,687",236,146448.47
Curtice Advani,UK,Manuka Honey Choco,07-Feb-22,"$1,666",106,144625.46
Roddy Speechley,Canada,Spicy Special Slims,09-Feb-22,"$1,652",186,143410.12
Barr Faughny,UK,White Choc,05-Jul-22,"$1,652",72,143410.12
Dotty Strutley,Australia,Choco Coated Almonds,13-Apr-22,"$1,645",284,142802.45
Rafaelita Blaksland,India,Smooth Sliky Salty,06-May-22,"$1,638",81,142194.78
Oby Sorrel,New Zealand,Spicy Special Slims,03-Jun-22,"$1,617",13,140371.77
Andria Kimpton,Australia,Drinking Coco,28-Jun-22,"$1,603",48,139156.43
Curtice Advani,USA,Spicy Special Slims,11-Jul-22,"$1,603",264,139156.43
Jan Morforth,New Zealand,Manuka Honey Choco,28-Jul-22,"$1,589",271,137941.09
Camilla Castle,New Zealand,Peanut Butter Cubes,21-Jul-22,"$1,582",62,137333.42
Brien Boise,New Zealand,Drinking Coco,06-Jun-22,"$1,582",100,137333.42
Madelene Upcott,Australia,85% Dark Bars,16-Jun-22,"$1,575",329,136725.75
Marney O'Breen,New Zealand,After Nines,09-Mar-22,"$1,561",44,135510.41
Andria Kimpton,UK,Drinking Coco,23-May-22,"$1,554",65,134902.74
Curtice Advani,India,Manuka Honey Choco,23-May-22,"$1,547",170,134295.07
Curtice Advani,UK,White Choc,01-Feb-22,"$1,540",73,133687.4
Brien Boise,India,Caramel Stuffed Bars,25-Feb-22,"$1,540",100,133687.4
Curtice Advani,New Zealand,Peanut Butter Cubes,15-Mar-22,"$1,533",434,133079.73
Dennison Crosswaite,India,Milk Bars,21-Apr-22,"$1,526",96,132472.06
Jehu Rudeforth,New Zealand,After Nines,14-Apr-22,"$1,512",73,131256.72
Gigi Bohling,Canada,Baker's Choco Chips,28-Jan-22,"$1,505",47,130649.05
Ches Bonnell,Australia,Choco Coated Almonds,08-Apr-22,"$1,470",167,127610.7
Jehu Rudeforth,UK,Smooth Sliky Salty,24-Aug-22,"$1,463",113,127003.03
Andria Kimpton,USA,Fruit & Nut Bars,15-Jul-22,"$1,456",359,126395.36
Dotty Strutley,Australia,Almond Choco,13-May-22,"$1,456",91,126395.36
Mallorie Waber,Canada,Eclairs,13-Jan-22,"$1,442",286,125180.02
Mallorie Waber,Canada,Manuka Honey Choco,07-Mar-22,"$1,435",112,124572.35
Beverie Moffet,Australia,Fruit & Nut Bars,22-Apr-22,"$1,435",258,124572.35
Mallorie Waber,Canada,85% Dark Bars,20-Apr-22,"$1,428",424,123964.68
Roddy Speechley,UK,70% Dark Bites,24-Mar-22,"$1,421",284,123357.01
Dennison Crosswaite,USA,Fruit & Nut Bars,04-May-22,"$1,414",318,122749.34
Mallorie Waber,India,Raspberry Choco,02-Mar-22,"$1,400",2,121534.0
Gigi Bohling,India,White Choc,13-Apr-22,"$1,393",172,120926.33
Dotty Strutley,USA,Orange Choco,23-Feb-22,"$1,379",107,119710.99
Kelci Walkden,USA,Orange Choco,03-Feb-22,"$1,379",138,119710.99
Rafaelita Blaksland,UK,Eclairs,27-Apr-22,"$1,379",70,119710.99
Beverie Moffet,New Zealand,Baker's Choco Chips,03-Aug-22,"$1,372",144,119103.32
Marney O'Breen,Canada,Caramel Stuffed Bars,23-Feb-22,"$1,372",614,119103.32
Gigi Bohling,Australia,70% Dark Bites,18-Aug-22,"$1,372",105,119103.32
Gigi Bohling,UK,Milk Bars,17-May-22,"$1,365",232,118495.65
Kelci Walkden,New Zealand,Manuka Honey Choco,08-Apr-22,"$1,358",106,117887.98
Brien Boise,India,Eclairs,29-Apr-22,"$1,351",61,117280.31
Mallorie Waber,New Zealand,Mint Chip Choco,31-Jan-22,"$1,316",107,114241.96
Wilone O'Kielt,India,Mint Chip Choco,22-Aug-22,"$1,309",51,113634.29
Gunar Cockshoot,Canada,Almond Choco,28-Jul-22,"$1,309",30,113634.29
Brien Boise,India,Spicy Special Slims,28-Jan-22,"$1,302",33,113026.62
Kaine Padly,Canada,99% Dark & Pure,24-Jun-22,"$1,288",409,111811.28
Husein Augar,USA,Fruit & Nut Bars,28-Apr-22,"$1,288",27,111811.28
Kelci Walkden,Australia,Drinking Coco,04-May-22,"$1,288",60,111811.28
Camilla Castle,USA,Spicy Special Slims,11-Feb-22,"$1,274",244,110595.94
Gunar Cockshoot,USA,Spicy Special Slims,17-Feb-22,"$1,267",157,109988.27
Dotty Strutley,UK,70% Dark Bites,20-Jun-22,"$1,267",216,109988.27
Van Tuxwell,Canada,Raspberry Choco,17-Mar-22,"$1,267",130,109988.27
Dotty Strutley,India,Mint Chip Choco,14-Apr-22,"$1,260",239,109380.6
Gigi Bohling,UK,Fruit & Nut Bars,06-Apr-22,"$1,232",86,106949.92
Oby Sorrel,Canada,Organic Choco Syrup,05-Jul-22,"$1,232",74,106949.92
Jan Morforth,New Zealand,Orange Choco,11-Feb-22,"$1,225",84,106342.25
Karlen McCaffrey,New Zealand,Fruit & Nut Bars,07-Feb-22,"$1,218",135,105734.58
Marney O'Breen,New Zealand,85% Dark Bars,30-May-22,"$1,218",149,105734.58
Jan Morforth,UK,Organic Choco Syrup,12-Apr-22,"$1,197",356,103911.57
Ches Bonnell,India,Orange Choco,16-Feb-22,"$1,190",256,103303.9
Camilla Castle,New Zealand,Mint Chip Choco,13-Jun-22,"$1,162",190,100873.22
Mallorie Waber,USA,Peanut Butter Cubes,23-May-22,"$1,162",18,100873.22
Andria Kimpton,Canada,Smooth Sliky Salty,08-Jul-22,"$1,155",79,100265.55
Andria Kimpton,UK,99% Dark & Pure,25-Jul-22,"$1,155",66,100265.55
Barr Faughny,Canada,Organic Choco Syrup,10-Mar-22,"$1,141",205,99050.21
Beverie Moffet,New Zealand,Drinking Coco,12-Jan-22,"$1,141",518,99050.21
Gigi Bohling,New Zealand,Raspberry Choco,09-Aug-22,"$1,127",176,97834.87
Andria Kimpton,Canada,Peanut Butter Cubes,16-Feb-22,"$1,127",319,97834.87
Rafaelita Blaksland,New Zealand,After Nines,07-Jul-22,"$1,099",92,95404.19
Curtice Advani,UK,85% Dark Bars,08-Jun-22,"$1,085",172,94188.85
Marney O'Breen,USA,50% Dark Bites,15-Jun-22,"$1,064",106,92365.84
Jan Morforth,Canada,Mint Chip Choco,01-Apr-22,"$1,064",211,92365.84
Ches Bonnell,Australia,White Choc,02-Mar-22,"$1,043",202,90542.83
Oby Sorrel,Australia,Raspberry Choco,17-Feb-22,"$1,043",120,90542.83
Beverie Moffet,India,Organic Choco Syrup,23-Jun-22,"$1,036",20,89935.16
Wilone O'Kielt,USA,Drinking Coco,14-Jun-22,"$1,029",98,89327.49
Brien Boise,New Zealand,Smooth Sliky Salty,18-Jan-22,"$1,015",27,88112.15
Rafaelita Blaksland,Australia,Organic Choco Syrup,26-Jan-22,$994,105,86289.14
Karlen McCaffrey,Australia,Raspberry Choco,23-Aug-22,$994,57,86289.14
Beverie Moffet,Canada,Drinking Coco,05-Jul-22,$994,118,86289.14
Van Tuxwell,USA,Caramel Stuffed Bars,14-Feb-22,$987,21,85681.47
Jan Morforth,USA,Orange Choco,29-Jun-22,$980,146,85073.8
Marney O'Breen,UK,Drinking Coco,29-Mar-22,$973,28,84466.13
Kelci Walkden,India,Milk Bars,15-Apr-22,$966,107,83858.46
Andria Kimpton,New Zealand,Peanut Butter Cubes,20-Jun-22,$959,265,83250.79
Dennison Crosswaite,India,Fruit & Nut Bars,29-Jul-22,$952,24,82643.12
Andria Kimpton,India,After Nines,17-Jan-22,$952,68,82643.12
Karlen McCaffrey,India,85% Dark Bars,30-Mar-22,$945,83,82035.45
Kelci Walkden,USA,After Nines,02-Jun-22,$938,16,81427.78
Husein Augar,Australia,Organic Choco Syrup,08-Feb-22,$938,158,81427.78
Dotty Strutley,India,Spicy Special Slims,12-Aug-22,$910,204,78997.1
Gigi Bohling,Australia,Almond Choco,17-Aug-22,$910,117,78997.1
Ches Bonnell,New Zealand,Peanut Butter Cubes,04-Mar-22,$889,273,77174.09
Karlen McCaffrey,USA,Eclairs,15-Aug-22,$868,125,75351.08
Curtice Advani,Canada,Spicy Special Slims,16-Jun-22,$854,118,74135.74
Curtice Advani,Australia,Orange Choco,12-Jul-22,$854,136,74135.74
Husein Augar,USA,Milk Bars,02-Mar-22,$854,56,74135.74
Gigi Bohling,UK,70% Dark Bites,21-Jun-22,$840,81,72920.4
Kelci Walkden,Canada,Fruit & Nut Bars,20-Jun-22,$826,149,71705.06
Mallorie Waber,India,White Choc,26-Jul-22,$819,213,71097.39
Curtice Advani,Canada,Organic Choco Syrup,22-Feb-22,$791,22,68666.71
Gigi Bohling,USA,99% Dark & Pure,02-Jun-22,$784,249,68059.04
Dennison Crosswaite,India,Orange Choco,18-Mar-22,$784,129,68059.04
Dennison Crosswaite,USA,Milk Bars,12-May-22,$777,60,67451.37
Gunar Cockshoot,UK,Smooth Sliky Salty,22-Mar-22,$749,148,65020.69
Beverie Moffet,Australia,Milk Bars,25-May-22,$735,390,63805.35
Oby Sorrel,Australia,50% Dark Bites,06-May-22,$721,151,62590.01
Curtice Advani,Canada,Eclairs,06-May-22,$721,203,62590.01
Jan Morforth,UK,Baker's Choco Chips,11-Mar-22,$721,251,62590.01
Beverie Moffet,Australia,50% Dark Bites,16-May-22,$700,457,60767.0
Gigi Bohling,New Zealand,Smooth Sliky Salty,10-Jan-22,$700,97,60767.0
Marney O'Breen,USA,Peanut Butter Cubes,15-Jun-22,$693,350,60159.33
Rafaelita Blaksland,New Zealand,70% Dark Bites,24-Aug-22,$679,280,58943.99
Kelci Walkden,Australia,Raspberry Choco,07-Jun-22,$679,56,58943.99
Brien Boise,USA,Raspberry Choco,12-Jan-22,$672,194,58336.32
Kelci Walkden,New Zealand,Spicy Special Slims,11-Aug-22,$658,65,57120.98
Dennison Crosswaite,USA,70% Dark Bites,15-Mar-22,$658,77,57120.98
Karlen McCaffrey,Canada,Raspberry Choco,09-May-22,$651,224,56513.31
Van Tuxwell,Australia,50% Dark Bites,13-Jul-22,$644,137,55905.64
Camilla Castle,Australia,Manuka Honey Choco,17-Mar-22,$637,169,55297.97
Brien Boise,New Zealand,Organic Choco Syrup,17-Jan-22,$637,313,55297.97
Van Tuxwell,USA,After Nines,26-Jul-22,$630,264,54690.3
Gunar Cockshoot,New Zealand,Raspberry Choco,24-Aug-22,$630,52,54690.3
Wilone O'Kielt,Australia,Drinking Coco,06-Apr-22,$623,283,54082.63
Roddy Speechley,Canada,Milk Bars,13-Jul-22,$609,32,52867.29
Gunar Cockshoot,Australia,Raspberry Choco,17-Mar-22,$602,72,52259.62
Mallorie Waber,India,50% Dark Bites,31-May-22,$588,139,51044.28
Barr Faughny,UK,50% Dark Bites,28-Jan-22,$581,65,50436.61
Gigi Bohling,Australia,Orange Choco,09-Mar-22,$574,156,49828.94
Ches Bonnell,Canada,Organic Choco Syrup,26-Jul-22,$574,217,49828.94
Dennison Crosswaite,UK,Smooth Sliky Salty,26-Apr-22,$546,142,47398.26
Curtice Advani,Australia,50% Dark Bites,29-Jun-22,$504,232,43752.24
Wilone O'Kielt,USA,Smooth Sliky Salty,18-Jan-22,$504,87,43752.24
Husein Augar,New Zealand,Caramel Stuffed Bars,27-Jan-22,$497,475,43144.57
Ches Bonnell,New Zealand,Eclairs,04-Apr-22,$490,49,42536.9
Rafaelita Blaksland,Canada,Fruit & Nut Bars,24-Aug-22,$483,185,41929.23
Kaine Padly,USA,85% Dark Bars,22-Jun-22,$483,259,41929.23
Mallorie Waber,New Zealand,After Nines,04-May-22,$483,228,41929.23
Kelci Walkden,India,Caramel Stuffed Bars,16-Mar-22,$476,125,41321.56
Gigi Bohling,USA,Milk Bars,16-Jun-22,$476,133,41321.56
Camilla Castle,India,Drinking Coco,08-Aug-22,$469,163,40713.89
Dennison Crosswaite,Canada,Eclairs,15-Mar-22,$455,45,39498.55
Curtice Advani,UK,Drinking Coco,12-Jul-22,$455,174,39498.55
Ches Bonnell,India,99% Dark & Pure,16-Feb-22,$455,96,39498.55
Beverie Moffet,India,70% Dark Bites,01-Jun-22,$448,146,38890.88
Jehu Rudeforth,Canada,Drinking Coco,15-Jul-22,$441,24,38283.21
Van Tuxwell,Canada,White Choc,22-Mar-22,$420,3,36460.2
Wilone O'Kielt,USA,After Nines,25-Apr-22,$392,30,34029.52
Wilone O'Kielt,Australia,Fruit & Nut Bars,15-Jun-22,$392,102,34029.52
Barr Faughny,USA,Almond Choco,03-Feb-22,$385,78,33421.85
Husein Augar,USA,85% Dark Bars,08-Aug-22,$378,54,32814.18
Dennison Crosswaite,New Zealand,Organic Choco Syrup,04-Jan-22,$371,229,32206.51
Jehu Rudeforth,USA,Orange Choco,28-Jul-22,$364,170,31598.84
Andria Kimpton,Australia,Baker's Choco Chips,09-Aug-22,$329,109,28560.49
Andria Kimpton,Canada,Eclairs,11-Aug-22,$308,125,26737.48
Wilone O'Kielt,UK,Milk Bars,26-Aug-22,$301,65,26129.81
Andria Kimpton,India,Orange Choco,30-May-22,$301,421,26129.81
Brien Boise,Australia,Peanut Butter Cubes,19-Aug-22,$301,205,26129.81
Dotty Strutley,Australia,Fruit & Nut Bars,23-Aug-22,$280,311,24306.8
Gigi Bohling,USA,Peanut Butter Cubes,09-May-22,$280,75,24306.8
Marney O'Breen,Australia,Organic Choco Syrup,16-May-22,$273,174,23699.13
Dotty Strutley,USA,Manuka Honey Choco,10-Aug-22,$273,210,23699.13
Curtice Advani,India,85% Dark Bars,18-Jan-22,$273,402,23699.13
Marney O'Breen,UK,Baker's Choco Chips,10-Jun-22,$252,154,21876.12
Dotty Strutley,Canada,After Nines,17-Jan-22,$252,237,21876.12
Karlen McCaffrey,Australia,70% Dark Bites,24-Jun-22,$238,317,20660.78
Karlen McCaffrey,Canada,Fruit & Nut Bars,02-Jun-22,$210,16,18230.1
Camilla Castle,India,99% Dark & Pure,02-Aug-22,$203,207,17622.43
Karlen McCaffrey,New Zealand,Drinking Coco,28-Jul-22,$168,156,14584.08
Karlen McCaffrey,India,Fruit & Nut Bars,26-Jan-22,$168,321,14584.08
Madelene Upcott,UK,Caramel Stuffed Bars,15-Apr-22,$161,145,13976.41
Curtice Advani,India,Spicy Special Slims,20-Jun-22,$161,134,13976.41
Kelci Walkden,New Zealand,After Nines,07-Jul-22,$147,72,12761.07
Karlen McCaffrey,New Zealand,70% Dark Bites,02-Aug-22,$126,40,10938.06
Karlen McCaffrey,USA,Drinking Coco,29-Jun-22,$112,223,9722.72
Van Tuxwell,Australia,99% Dark & Pure,17-Jan-22,$112,128,9722.72
Brien Boise,UK,Almond Choco,25-May-22,$105,125,9115.05
Dotty Strutley,Australia,Drinking Coco,19-Jul-22,$91,135,7899.71
Jan Morforth,India,Caramel Stuffed Bars,04-Jul-22,$84,153,7292.04
Kelci Walkden,USA,Spicy Special Slims,29-Apr-22,$77,69,6684.37
Kaine Padly,USA,50% Dark Bites,03-Aug-22,$70,27,6076.7
Brien Boise,UK,Manuka Honey Choco,28-Jun-22,$70,103,6076.7
Brien Boise,New Zealand,Mint Chip Choco,01-Aug-22,$63,181,5469.03
Curtice Advani,Australia,After Nines,11-Aug-22,$63,105,5469.03
Beverie Moffet,New Zealand,Spicy Special Slims,07-Jun-22,$63,60,5469.03
Roddy Speechley,New Zealand,Orange Choco,01-Apr-22,$49,97,4253.69
Oby Sorrel,India,Choco Coated Almonds,14-Feb-22,$49,363,4253.69
Jehu Rudeforth,India,Peanut Butter Cubes,14-Apr-22,$28,446,2430.68
Gunar Cockshoot,UK,99% Dark & Pure,07-Mar-22,$7,84,607.67
Kaine Padly,New Zealand,Smooth Sliky Salty,12-Apr-22,$7,518,607.67
